track,date,race,box,runner
CANN,2025-09-06,1,1,Starlight Snowy
CANN,2025-09-06,1,2,41x4 Rapido Ace
CANN,2025-09-06,1,3,Rapido Kuna
CANN,2025-09-06,1,4,0x318 Sunset Diablo
CANN,2025-09-06,1,5,Scarlett's Boy
CANN,2025-09-06,1,6,Rambo's Shout
CANN,2025-09-06,1,7,Oosthuizen
CANN,2025-09-06,1,8,Flop Shot
CANN,2025-09-06,2,1,3x452 Reinvigorated
CANN,2025-09-06,2,2,Warrior Zeus
CANN,2025-09-06,2,3,Just A Lad
CANN,2025-09-06,2,4,Legs Eleven
CANN,2025-09-06,2,5,West On Burnie
CANN,2025-09-06,2,6,Snappy Snacker
CANN,2025-09-06,2,7,Just A Babe
CANN,2025-09-06,2,8,Rapido Warrior
CANN,2025-09-06,3,1,Miss Ronnie Mac
CANN,2025-09-06,3,2,West On Prancer
CANN,2025-09-06,3,3,Rapido Jedi
CANN,2025-09-06,3,4,Our Girl Jess
CANN,2025-09-06,3,6,Heather's Pick
CANN,2025-09-06,3,7,Hippy Trail
CANN,2025-09-06,3,8,Tilly Rose
CANN,2025-09-06,4,1,Fleetwood Kazak
CANN,2025-09-06,4,2,All About Stone
CANN,2025-09-06,4,3,Next Thing Uno
CANN,2025-09-06,4,4,Rosie Browne
CANN,2025-09-06,4,6,Ditalini Monelli
CANN,2025-09-06,4,7,Disco Daisy
CANN,2025-09-06,4,8,8x461 Dancing Dawn
CANN,2025-09-06,5,1,Career Highlight
CANN,2025-09-06,5,2,Impress Hawkins
CANN,2025-09-06,5,3,543x7 Panadero Magic
CANN,2025-09-06,5,4,Biscotti Blast
CANN,2025-09-06,5,5,Come Find Me
CANN,2025-09-06,5,6,West On Gnocchi
CANN,2025-09-06,5,7,Stroll
CANN,2025-09-06,5,8,Premium Equity
CANN,2025-09-06,6,1,Xeni Bale
CANN,2025-09-06,6,2,Seek To Plan
CANN,2025-09-06,6,3,West On Ace
CANN,2025-09-06,6,4,Toad
CANN,2025-09-06,6,5,Come On Mango
CANN,2025-09-06,6,6,All About Coal
CANN,2025-09-06,6,7,244x4 Max Capacity
CANN,2025-09-06,6,8,Lexi Coral
CANN,2025-09-06,7,1,Cyclonic Clinton
CANN,2025-09-06,7,2,Reggae Melody
CANN,2025-09-06,7,3,Red Hot Bernie
CANN,2025-09-06,7,4,Canya Tilly
CANN,2025-09-06,7,5,Mind Reader
CANN,2025-09-06,7,6,Aston Florin
CANN,2025-09-06,7,7,Killer Kelly
CANN,2025-09-06,7,8,Sunset Amanda
CANN,2025-09-06,8,1,Iconic Jet
CANN,2025-09-06,8,2,Wise Barra
CANN,2025-09-06,8,4,Spooky Hook
CANN,2025-09-06,8,6,x4633 Transcendent
CANN,2025-09-06,8,8,Sunset Mirage
CANN,2025-09-06,9,1,Sunset Serengeti
CANN,2025-09-06,9,2,x6121 Miss Envy
CANN,2025-09-06,9,4,West On Sidney
CANN,2025-09-06,9,6,Timmy Tesla
CANN,2025-09-06,9,8,13x11 Our Ozzie Salute
CANN,2025-09-06,10,1,La Sagrada
CANN,2025-09-06,10,2,Masquerade Party
CANN,2025-09-06,10,4,Bergelmir
CANN,2025-09-06,10,6,Tommy The Lion
CANN,2025-09-06,10,8,Linguine Monelli
CANN,2025-09-06,11,1,West On Cole
CANN,2025-09-06,11,2,Sunset Lightfoot
CANN,2025-09-06,11,4,Lady Sherwood
CANN,2025-09-06,11,5,Warrego Storm
CANN,2025-09-06,11,7,Bunji Man
CANN,2025-09-06,11,8,18x41 Silent Assassin
CAPA,2025-09-07,1,4,Big Eddie
CAPA,2025-09-07,1,6,Love's A Memory
CAPA,2025-09-07,2,3,Graphite
CAPA,2025-09-07,2,6,Sleek Assassin
CAPA,2025-09-07,2,8,Flying Argos
CAPA,2025-09-07,3,1,Commissar Cain
CAPA,2025-09-07,3,2,Jilliby Mercedes
CAPA,2025-09-07,3,6,Zipping Webb
CAPA,2025-09-07,4,1,Glad All Over
CAPA,2025-09-07,4,2,Conduction
CAPA,2025-09-07,4,3,Myona Countess
CAPA,2025-09-07,4,4,Seaway Cruiser
CAPA,2025-09-07,4,5,Flyaway Jack
CAPA,2025-09-07,4,7,Crisis Averted
CAPA,2025-09-07,5,1,Lightning Reece
CAPA,2025-09-07,5,3,Hara's Pest
CAPA,2025-09-07,5,4,Canya Nuclear
CAPA,2025-09-07,5,5,Flash Corvette
CAPA,2025-09-07,5,6,Boom Town
CAPA,2025-09-07,5,7,Lost Dragon
CAPA,2025-09-07,5,8,Miles On It
CAPA,2025-09-07,6,1,Hara's Chief
CAPA,2025-09-07,6,2,Ringbark Larry
CAPA,2025-09-07,6,3,Born To Race
CAPA,2025-09-07,6,4,Another Idea
CAPA,2025-09-07,6,5,Secret Story
CAPA,2025-09-07,6,6,Rose Of Alabama
CAPA,2025-09-07,6,7,Goodness Baby
CAPA,2025-09-07,6,8,Oh Peggy Oh
CAPA,2025-09-07,7,1,Sagai Miss
CAPA,2025-09-07,7,2,Daysea's Elvis
CAPA,2025-09-07,7,3,Volatile
CAPA,2025-09-07,7,4,Mandanda
CAPA,2025-09-07,7,5,Memory Of Mum
CAPA,2025-09-07,7,6,Too Much Scotch
CAPA,2025-09-07,7,7,Typhoon Nev
CAPA,2025-09-07,7,8,Tank Engine
CAPA,2025-09-07,8,1,Big Easy Al
CAPA,2025-09-07,8,2,Daysea's Katie
CAPA,2025-09-07,8,3,Serrai
CAPA,2025-09-07,8,4,Titanium Gunn
CAPA,2025-09-07,8,5,Whistle Away
CAPA,2025-09-07,8,6,Looking Fancy
CAPA,2025-09-07,8,7,Have Ignition
CAPA,2025-09-07,8,8,Infra Terra
CAPA,2025-09-07,9,1,4x611 Prim And Precise
CAPA,2025-09-07,9,2,Aussie Puzzle
CAPA,2025-09-07,9,3,Dreamer
CAPA,2025-09-07,9,4,Idea's Girl
CAPA,2025-09-07,9,5,Amanda Lilly
CAPA,2025-09-07,9,6,Someone's Idea
CAPA,2025-09-07,9,7,Finnis Bale
CAPA,2025-09-07,9,8,She's Our Gal
CAPA,2025-09-07,10,1,Steel Rigging
CAPA,2025-09-07,10,2,Keep Paying
CAPA,2025-09-07,10,3,Hocking
CAPA,2025-09-07,10,4,Cash Gain
CAPA,2025-09-07,10,5,Red Sun
CAPA,2025-09-07,10,6,Port For Shore
CAPA,2025-09-07,10,7,Salvatore
CAPA,2025-09-07,10,8,Kingston Trick
CAPA,2025-09-07,11,1,Cliff Clavin
CAPA,2025-09-07,11,2,Kingsbrae Westly
CAPA,2025-09-07,11,3,Monkey Pants
CAPA,2025-09-07,11,4,Sunset Dreaming
CAPA,2025-09-07,11,5,She's Athletic
CAPA,2025-09-07,11,6,Mondo Cortez
CAPA,2025-09-07,11,7,Bug Me Not
CAPA,2025-09-07,11,8,Unintended
CAPA,2025-09-07,12,1,Ricolina Pearl
CAPA,2025-09-07,12,2,My Man Jackson
CAPA,2025-09-07,12,3,Where's My Rum
CAPA,2025-09-07,12,4,Maps
CAPA,2025-09-07,12,5,Cunning Kick
CAPA,2025-09-07,12,6,Somerset Jesse
CAPA,2025-09-07,12,7,Tall And Dreamy
CAPA,2025-09-07,12,8,Zipping Hagen
DRWN,2025-09-03,1,1,Zombie Boss
DRWN,2025-09-03,1,2,Enigma Zero
DRWN,2025-09-03,1,4,1236x Non Stop Wizard
DRWN,2025-09-03,1,8,Black And Classy
DRWN,2025-09-03,2,1,Mojo Max
DRWN,2025-09-03,2,2,Mum's Boy
DRWN,2025-09-03,2,4,Slept In Again
DRWN,2025-09-03,2,5,Scotch Finger
DRWN,2025-09-03,2,7,Kelmar Boss
DRWN,2025-09-03,2,8,2566x Paris Icon
DRWN,2025-09-03,3,1,Judiciary
DRWN,2025-09-03,3,2,Canya Keep Cool
DRWN,2025-09-03,3,3,Territory Rose
DRWN,2025-09-03,3,4,Mum Said Yes
DRWN,2025-09-03,3,5,Lawn Keeper
DRWN,2025-09-03,3,6,Sportster
DRWN,2025-09-03,3,7,So Naive
DRWN,2025-09-03,3,8,Silversmith
DRWN,2025-09-03,4,1,Rex On Fire
DRWN,2025-09-03,4,2,Canya Molly
DRWN,2025-09-03,4,4,Northern Express
DRWN,2025-09-03,4,5,Mish Mash
DRWN,2025-09-03,4,7,Pursuit
DRWN,2025-09-03,4,8,Happy Intention
DRWN,2025-09-03,5,1,x5615 Northern Lion
DRWN,2025-09-03,5,2,Cheers Mick
DRWN,2025-09-03,5,4,5465x All About Opal
DRWN,2025-09-03,5,6,Pollinate
DRWN,2025-09-03,5,8,Clive's Chance
DRWN,2025-09-07,1,1,Rooster Jazz
DRWN,2025-09-07,1,4,Sportster
DRWN,2025-09-07,1,5,Mum's Boy
DRWN,2025-09-07,1,8,Silversmith
DRWN,2025-09-07,2,1,Mish Mash
DRWN,2025-09-07,2,2,Bowhunter
DRWN,2025-09-07,2,4,Zombie Boss
DRWN,2025-09-07,2,5,Cheers Mick
DRWN,2025-09-07,2,7,Zydeco
DRWN,2025-09-07,2,8,Feed The Flames
DRWN,2025-09-07,3,1,Go Jo
DRWN,2025-09-07,3,2,Lawn Keeper
DRWN,2025-09-07,3,4,Mum Said Yes
DRWN,2025-09-07,3,6,Tanaya
DRWN,2025-09-07,3,8,Rex On Fire
DRWN,2025-09-07,4,1,Peg
DRWN,2025-09-07,4,2,Blue Marguerite
DRWN,2025-09-07,4,4,56f55 Zipping Digby
DRWN,2025-09-07,4,5,Enigma Dream
DRWN,2025-09-07,4,7,Simple Sally
DRWN,2025-09-07,4,8,Crosswired
DRWN,2025-09-07,5,1,Not Bad Yourself
DRWN,2025-09-07,5,2,Dirty Dancing
DRWN,2025-09-07,5,3,Luka Magic
DRWN,2025-09-07,5,4,Infamous
DRWN,2025-09-07,5,5,Zelda Chaos
DRWN,2025-09-07,5,6,Bull's Chance
DRWN,2025-09-07,5,7,Miss Enigma
DRWN,2025-09-07,5,8,Flip Your Fifty
DRWN,2025-09-07,6,1,Bantam Magic
DRWN,2025-09-07,6,2,Brave Ember
DRWN,2025-09-07,6,4,Queen's Gamble
DRWN,2025-09-07,6,5,10x15 Bernardo's Baby
DRWN,2025-09-07,6,7,Lucy's Chance
DRWN,2025-09-07,6,8,Quick Shadow
DRWN,2025-09-07,7,1,Mister Easy
DRWN,2025-09-07,7,2,Here Comes Foxy
DRWN,2025-09-07,7,4,Bart's Chance
DRWN,2025-09-07,7,6,Nora's Boy
DRWN,2025-09-07,7,8,Sydney Surcharge
DRWN,2025-09-07,8,1,Kirwan
DRWN,2025-09-07,8,2,Slept In Again
DRWN,2025-09-07,8,4,War Admiral
DRWN,2025-09-07,8,5,Enigma Rose
DRWN,2025-09-07,8,7,Blue Steel
DRWN,2025-09-07,8,8,Kelmar Boss
GAWL,2025-09-03,1,1,Little Stefania
GAWL,2025-09-03,1,2,Taz Maniac
GAWL,2025-09-03,1,4,Nordic Queen
GAWL,2025-09-03,1,8,3265x South Girls
GAWL,2025-09-03,2,1,Here Comes Shaka
GAWL,2025-09-03,2,2,Introduced
GAWL,2025-09-03,2,7,Pat Mustard
GAWL,2025-09-03,2,8,Stella Swift
GAWL,2025-09-03,3,1,Oregon Hutan
GAWL,2025-09-03,3,2,Sailaway Buddy
GAWL,2025-09-03,3,4,Ricki's Burner
GAWL,2025-09-03,3,6,Obsession
GAWL,2025-09-03,3,8,Binnaway Mirage
GAWL,2025-09-03,4,1,Captain Demi
GAWL,2025-09-03,4,2,Manner Of Strife
GAWL,2025-09-03,4,4,Diligent
GAWL,2025-09-03,4,6,Bona Vista
GAWL,2025-09-03,4,8,Mazuma Mayhem
GAWL,2025-09-03,5,1,Dark Queen
GAWL,2025-09-03,5,2,Our Sheralee
GAWL,2025-09-03,5,4,Thundering Lady
GAWL,2025-09-03,5,5,Archer Nine
GAWL,2025-09-03,5,7,Christoff
GAWL,2025-09-03,5,8,Emerald Sprinter
GAWL,2025-09-03,6,1,Uninviting
GAWL,2025-09-03,6,2,Fish To Fry
GAWL,2025-09-03,6,4,Bingo Queen
GAWL,2025-09-03,6,5,Far Out Lexi
GAWL,2025-09-03,6,7,Plodding Along
GAWL,2025-09-03,6,8,Sir Patrick
GAWL,2025-09-03,7,1,Aston Gillon
GAWL,2025-09-03,7,2,Pagan Witch
GAWL,2025-09-03,7,4,Obliterated
GAWL,2025-09-03,7,5,Forgotten Fury
GAWL,2025-09-03,7,7,Sebon Bolt
GAWL,2025-09-03,7,8,Aston Verona
GAWL,2025-09-03,8,1,Shaka Goes Bang
GAWL,2025-09-03,8,2,Frenzy Attack
GAWL,2025-09-03,8,4,Fantastic Tommy
GAWL,2025-09-03,8,5,Chicken Knight
GAWL,2025-09-03,8,7,Cobble Giblet
GAWL,2025-09-03,8,8,Sebon Disco
GAWL,2025-09-03,9,1,Zirconia Fury
GAWL,2025-09-03,9,2,Archer Eleven
GAWL,2025-09-03,9,4,4557x Aunty Dorrie
GAWL,2025-09-03,9,5,He's A Profit
GAWL,2025-09-03,9,7,Sebon Knight
GAWL,2025-09-03,9,8,Antecedent
GAWL,2025-09-03,10,1,Fire Stone
GAWL,2025-09-03,10,2,Zipping Elly May
GAWL,2025-09-03,10,4,Binnaway Wizard
GAWL,2025-09-03,10,6,2454x Allinga Amy
GAWL,2025-09-03,10,8,Back To Work
GAWL,2025-09-05,1,1,Hayden's Milk
GAWL,2025-09-05,1,2,Carry On Izzy
GAWL,2025-09-05,1,4,Imagine The Fun
GAWL,2025-09-05,1,6,Handover
GAWL,2025-09-05,1,8,Once A Diva
GAWL,2025-09-05,2,1,Binnaway Pearl
GAWL,2025-09-05,2,2,Toora Gracie
GAWL,2025-09-05,2,4,Zinfandel Lisa
GAWL,2025-09-05,2,6,Ouzo And Coke
GAWL,2025-09-05,2,8,Myah Miss
GAWL,2025-09-05,3,1,1x465 Fast Headache
GAWL,2025-09-05,3,2,Air Cruiser
GAWL,2025-09-05,3,4,Aussie Wish
GAWL,2025-09-05,3,6,Victory Club
GAWL,2025-09-05,3,8,Oakvale Cowboy
GAWL,2025-09-05,4,1,Bang Bang Jack
GAWL,2025-09-05,4,2,Memories Of Rose
GAWL,2025-09-05,4,4,Vic Rose
GAWL,2025-09-05,4,6,Big Chief Size
GAWL,2025-09-05,4,8,Jamarra
GAWL,2025-09-05,5,1,Adhana Luke
GAWL,2025-09-05,5,2,Nitro Bolt
GAWL,2025-09-05,5,4,Hey Sarge
GAWL,2025-09-05,5,5,Jason Rose
GAWL,2025-09-05,5,7,x1212 Snap The Dragon
GAWL,2025-09-05,5,8,Hayride Warner
GAWL,2025-09-05,6,1,Lois Einhorn
GAWL,2025-09-05,6,2,4x532 Ethanol Unleaded
GAWL,2025-09-05,6,4,64x24 Starlet Edition
GAWL,2025-09-05,6,5,Toora Terry
GAWL,2025-09-05,6,7,422x2 Gravitate
GAWL,2025-09-05,6,8,Fabulous Boo
GAWL,2025-09-05,7,1,x3711 Boots
GAWL,2025-09-05,7,2,Tectonic
GAWL,2025-09-05,7,3,Town Stranger
GAWL,2025-09-05,7,4,Brooklyn Road
GAWL,2025-09-05,7,6,King Fearless
GAWL,2025-09-05,7,7,Bo Cruz
GAWL,2025-09-05,7,8,Hunker Down
GAWL,2025-09-05,8,1,Life's A Bounty
GAWL,2025-09-05,8,2,Mel Monelli
GAWL,2025-09-05,8,3,Binnaway Warrior
GAWL,2025-09-05,8,4,Disco Zorro
GAWL,2025-09-05,8,5,Alpha Bloke
GAWL,2025-09-05,8,6,Big Boss Giblet
GAWL,2025-09-05,8,7,It's Jackie
GAWL,2025-09-05,8,8,Oh Sadie
GAWL,2025-09-05,9,1,Wreaking Havoc
GAWL,2025-09-05,9,2,Dakota Shine
GAWL,2025-09-05,9,4,Home Town
GAWL,2025-09-05,9,6,Charlie's Pick
GAWL,2025-09-05,9,8,Dakota Rylen
GRAF,2025-09-02,1,1,7x738 Dixie Elise
GRAF,2025-09-02,1,4,Close Talker
GRAF,2025-09-02,1,5,x22x3 Together Forever
GRAF,2025-09-02,1,7,7x7x8 Badger's Bear
GRAF,2025-09-02,1,8,Wolfgang
GRAF,2025-09-02,2,1,Matilda's Waltz
GRAF,2025-09-02,2,2,Jimmy At Geelong
GRAF,2025-09-02,2,3,Precious Thing
GRAF,2025-09-02,2,4,Freyja's Girl
GRAF,2025-09-02,2,7,Cinnamon Swirl
GRAF,2025-09-02,2,8,222x1 Flat Chat Jack
GRAF,2025-09-02,3,1,Lady Veronica
GRAF,2025-09-02,3,2,Miss Bear
GRAF,2025-09-02,3,4,Island Princess
GRAF,2025-09-02,3,5,7865x Clara Ivanova
GRAF,2025-09-02,3,7,Bing Bonus
GRAF,2025-09-02,3,8,Buddy Bonus
GRAF,2025-09-02,4,1,6x837 Minh Candy
GRAF,2025-09-02,4,2,Len Tank
GRAF,2025-09-02,4,4,167x7 Carbon Black
GRAF,2025-09-02,4,5,Bull Mundy
GRAF,2025-09-02,4,7,Destini Eclipse
GRAF,2025-09-02,4,8,x2817 Watch The Diva
GRAF,2025-09-02,5,1,72x55 Hootin' Angel
GRAF,2025-09-02,5,2,6x336 Tiny Rambo
GRAF,2025-09-02,5,3,6x838 Sally Bonkers
GRAF,2025-09-02,5,4,Blue Majestic
GRAF,2025-09-02,5,6,Rhythm And Blues
GRAF,2025-09-02,5,7,Bokarm Quinn
GRAF,2025-09-02,5,8,Rana Herrera
GRAF,2025-09-02,6,1,Slimy Trout
GRAF,2025-09-02,6,2,Darby Display
GRAF,2025-09-02,6,3,Orson Storm
GRAF,2025-09-02,6,4,Roger
GRAF,2025-09-02,6,6,On Appeal
GRAF,2025-09-02,6,7,x3464 Ever Since
GRAF,2025-09-02,6,8,Haaland
GRAF,2025-09-02,7,1,Stilton Miley
GRAF,2025-09-02,7,2,Maxine
GRAF,2025-09-02,7,3,Robell Polly
GRAF,2025-09-02,7,4,She Reacts
GRAF,2025-09-02,7,6,Exonerate
GRAF,2025-09-02,7,7,Arctic Bell
GRAF,2025-09-02,7,8,Abbott's Display
GRAF,2025-09-02,8,1,Great Marlow
GRAF,2025-09-02,8,2,16x15 Big Buckets
GRAF,2025-09-02,8,3,Dynamic Rebel
GRAF,2025-09-02,8,4,High Score
GRAF,2025-09-02,8,6,Rapid Snip
GRAF,2025-09-02,8,7,Lumbar Puncture
GRAF,2025-09-02,8,8,Sunset Panama
GRAF,2025-09-02,9,1,Reel 'Em Zena
GRAF,2025-09-02,9,2,66x12 Georgian Daisy
GRAF,2025-09-02,9,3,Billy Butcher
GRAF,2025-09-02,9,4,Madrid
GRAF,2025-09-02,9,6,Our Miracles
GRAF,2025-09-02,9,7,636x3 Dazzle Darling
GRAF,2025-09-02,9,8,384x5 Bokarm Flash
GRAF,2025-09-02,10,1,Thai Princess
GRAF,2025-09-02,10,2,Blazing Max
GRAF,2025-09-02,10,3,65x38 On The Nod
GRAF,2025-09-02,10,4,Kingsbrae Fred
GRAF,2025-09-02,10,5,Most Determined
GRAF,2025-09-02,10,6,In The Rhythm
GRAF,2025-09-02,10,7,Lil Pocket's
GRAF,2025-09-02,10,8,Broom Broom
GRAF,2025-09-02,11,1,My Reputation
GRAF,2025-09-02,11,2,411x3 Milligan
GRAF,2025-09-02,11,3,Albert's Memory
GRAF,2025-09-02,11,4,Glenreagh Burner
GRAF,2025-09-02,11,5,Rocky Pepper
GRAF,2025-09-02,11,6,13x73 Here Today
GRAF,2025-09-02,11,7,Johnny Red
GRAF,2025-09-02,11,8,Unquenchable
GRAF,2025-09-07,1,2,Jimmy At Geelong
GRAF,2025-09-07,1,4,Dusty Diva
GRAF,2025-09-07,1,5,854x2 Lady Lay Lay
GRAF,2025-09-07,1,6,Bokarm Teddy
GRAF,2025-09-07,1,8,Send A Text
GRAF,2025-09-07,2,1,8x365 Naval Choice
GRAF,2025-09-07,2,2,Slimy Trout
GRAF,2025-09-07,2,3,Haaland
GRAF,2025-09-07,2,4,Bugatti Step
GRAF,2025-09-07,2,5,Abbott's Display
GRAF,2025-09-07,2,6,Love This Bar
GRAF,2025-09-07,2,7,Big Zeal
GRAF,2025-09-07,2,8,x7513 Nev's Frankfurt
GRAF,2025-09-07,3,1,Jack High Lulu
GRAF,2025-09-07,3,2,Bokarm Quinn
GRAF,2025-09-07,3,3,High Score
GRAF,2025-09-07,3,4,Orson Storm
GRAF,2025-09-07,3,5,Lenny Large
GRAF,2025-09-07,3,6,Arctic Bell
GRAF,2025-09-07,3,7,Riverland Son
GRAF,2025-09-07,3,8,Bugatti Queen
GRAF,2025-09-07,4,1,Quandary
GRAF,2025-09-07,4,2,Will Conquer
GRAF,2025-09-07,4,3,843x1 Just Tommy
GRAF,2025-09-07,4,4,Our Miracles
GRAF,2025-09-07,4,5,Sunset Panama
GRAF,2025-09-07,4,6,55x25 Late For School
GRAF,2025-09-07,4,7,Full Twist
GRAF,2025-09-07,4,8,Rhythm And Blues
GRAF,2025-09-07,5,1,2x554 Hootin' Angel
GRAF,2025-09-07,5,2,Round The Ridges
GRAF,2025-09-07,5,3,Billy Butcher
GRAF,2025-09-07,5,4,Lumbar Puncture
GRAF,2025-09-07,5,5,Great Marlow
GRAF,2025-09-07,5,6,Walk Me Daddy
GRAF,2025-09-07,5,7,Barefoot Chaos
GRAF,2025-09-07,5,8,Dam Exciting
GRAF,2025-09-07,6,1,Whiskey And Wine
GRAF,2025-09-07,6,2,Noah's Boy
GRAF,2025-09-07,6,3,Bobby Bonus
GRAF,2025-09-07,6,4,Blazing Max
GRAF,2025-09-07,6,5,In The Rhythm
GRAF,2025-09-07,6,6,Robell Polly
GRAF,2025-09-07,6,7,6x127 Georgian Daisy
GRAF,2025-09-07,6,8,Rapid Snip
GRAF,2025-09-07,7,1,Bear The Beast
GRAF,2025-09-07,7,2,Tiny Disco
GRAF,2025-09-07,7,3,1x322 Wavy Web Surf
GRAF,2025-09-07,7,4,58f62 Lisa's Vogue
GRAF,2025-09-07,7,5,6553x Sweeping
GRAF,2025-09-07,7,6,Darby Display
GRAF,2025-09-07,7,7,76x88 Majestic Zeal
GRAF,2025-09-07,7,8,Looks A Picture
GRAF,2025-09-07,8,1,Goal Kicker
GRAF,2025-09-07,8,2,Dynamic Rebel
GRAF,2025-09-07,8,3,Stilton Miley
GRAF,2025-09-07,8,4,Orara Doug
GRAF,2025-09-07,8,5,Majestic Jojo
GRAF,2025-09-07,8,6,Brodies Tiger
GRAF,2025-09-07,8,7,Annihilating
GRAF,2025-09-07,8,8,Roger
GRAF,2025-09-07,9,1,Miss Blue Blaze
GRAF,2025-09-07,9,2,Why A MacIe
GRAF,2025-09-07,9,3,Reel'em George
GRAF,2025-09-07,9,4,Heroic Federer
GRAF,2025-09-07,9,6,My Warrior
GRAF,2025-09-07,9,7,Lady Jacqueline
GRAF,2025-09-07,9,8,Rainbow Blue
GRAF,2025-09-07,10,1,Benny Trick
GRAF,2025-09-07,10,2,222x1 Flat Chat Jack
GRAF,2025-09-07,10,3,Tylan Charles
GRAF,2025-09-07,10,4,Fire Motto
GRAF,2025-09-07,10,6,Miss Bear
GRAF,2025-09-07,10,7,Wiggle On
GRAF,2025-09-07,10,8,Phantom Romeo
GRAF,2025-09-07,11,1,She Lies Easy
GRAF,2025-09-07,11,2,Blue Majestic
GRAF,2025-09-07,11,4,7x757 My Frankenstein
GRAF,2025-09-07,11,5,Bentley Fisher
GRAF,2025-09-07,11,7,Lil Pocket's
GRAF,2025-09-07,11,8,Miss Me
HEAL,2025-09-03,1,3,458x Warrior Elfie
HEAL,2025-09-03,1,4,Guacamole Irish
HEAL,2025-09-03,1,5,Be Gracious
HEAL,2025-09-03,1,6,Be A Secret
HEAL,2025-09-03,1,7,3633x Warrior Lisa
HEAL,2025-09-03,1,8,Audacious Chief
HEAL,2025-09-03,2,1,Bruree Pat
HEAL,2025-09-03,2,2,Hanna's Avatar
HEAL,2025-09-03,2,3,Why Not Hayden
HEAL,2025-09-03,2,4,Classy Dancer
HEAL,2025-09-03,2,5,7x682 Cracked Gem
HEAL,2025-09-03,2,6,Warrior Tommy
HEAL,2025-09-03,2,7,Maisey Mary
HEAL,2025-09-03,2,8,Herbie
HEAL,2025-09-03,3,1,Aston Fulham
HEAL,2025-09-03,3,2,Sturgis
HEAL,2025-09-03,3,3,Jewel Magic
HEAL,2025-09-03,3,4,465x1 King Of Kindred
HEAL,2025-09-03,3,5,Blue Skylark
HEAL,2025-09-03,3,6,Ella Audacious
HEAL,2025-09-03,3,7,8368x How High Conga
HEAL,2025-09-03,3,8,Princess Domi
HEAL,2025-09-03,4,1,Maryvale Girl
HEAL,2025-09-03,4,2,Classy Mustang
HEAL,2025-09-03,4,3,Waltzing Diablo
HEAL,2025-09-03,4,4,Waltzing Aurora
HEAL,2025-09-03,4,5,Zinzan Holly
HEAL,2025-09-03,4,6,Can't Ignore Her
HEAL,2025-09-03,4,7,Lose My Number
HEAL,2025-09-03,4,8,Boston Legal
HEAL,2025-09-03,5,1,Choji Akimichi
HEAL,2025-09-03,5,2,Inter Cyborg
HEAL,2025-09-03,5,3,Bravado
HEAL,2025-09-03,5,4,5f761 Superfly Girl
HEAL,2025-09-03,5,5,Sonia's Beauty
HEAL,2025-09-03,5,6,All In Ollie
HEAL,2025-09-03,5,7,Rolling Coal
HEAL,2025-09-03,5,8,Big Trucker
HEAL,2025-09-03,6,1,Shock And Awe
HEAL,2025-09-03,6,2,King Plum
HEAL,2025-09-03,6,3,Iron Blood
HEAL,2025-09-03,6,4,Wild Venus
HEAL,2025-09-03,6,5,Canya Wildfire
HEAL,2025-09-03,6,6,Hard Press
HEAL,2025-09-03,6,7,8x323 Not Forgiven
HEAL,2025-09-03,6,8,Excavator Ticket
HEAL,2025-09-03,7,1,Cathy's Dream
HEAL,2025-09-03,7,2,68x78 Noir Satin
HEAL,2025-09-03,7,3,Blame Esmeralda
HEAL,2025-09-03,7,4,Rowdy's Beast
HEAL,2025-09-03,7,5,Destini Paladin
HEAL,2025-09-03,7,6,Astronomica
HEAL,2025-09-03,7,7,Aston Honcho
HEAL,2025-09-03,7,8,Blonde Mustang
HEAL,2025-09-03,8,1,Princess Lass
HEAL,2025-09-03,8,2,Braemar Molly
HEAL,2025-09-03,8,3,Handsome Ratio
HEAL,2025-09-03,8,4,White Shiraz
HEAL,2025-09-03,8,5,Canny Lass
HEAL,2025-09-03,8,6,Buffalo Cowboy
HEAL,2025-09-03,8,7,Jonathan's Dream
HEAL,2025-09-03,8,8,Thai Butterfly
HEAL,2025-09-03,9,1,6773x Chasing Sunset
HEAL,2025-09-03,9,2,Mia Sienna
HEAL,2025-09-03,9,3,Tricky Riddles
HEAL,2025-09-03,9,4,Smooth Prince
HEAL,2025-09-03,9,5,Taryn's Blue
HEAL,2025-09-03,9,6,241x8 Tsu'tey
HEAL,2025-09-03,9,7,6188x Tilly Girl
HEAL,2025-09-03,9,8,Glorious Glory
HEAL,2025-09-03,10,1,Swooping Swan
HEAL,2025-09-03,10,2,Full On Aileen
HEAL,2025-09-03,10,3,Uno Peanut
HEAL,2025-09-03,10,4,53x46 Firebird Flyer
HEAL,2025-09-03,10,5,Donegal Express
HEAL,2025-09-03,10,6,766x7 Lektra Fred
HEAL,2025-09-03,10,7,Western Feel
HEAL,2025-09-03,10,8,New Arrangement
HEAL,2025-09-03,11,1,Point The Finger
HEAL,2025-09-03,11,2,3460x Hartland Prince
HEAL,2025-09-03,11,3,Why Not Emily
HEAL,2025-09-03,11,4,Audacious Ivy
HEAL,2025-09-03,11,5,Why Not Ajay
HEAL,2025-09-03,11,6,Braemar Elsie
HEAL,2025-09-03,11,7,Zippi Mustang
HEAL,2025-09-03,11,8,Aeroplane Fury
HEAL,2025-09-03,12,1,Slingshot Penny
HEAL,2025-09-03,12,2,5474f Hartland Duke
HEAL,2025-09-03,12,4,Champions
HEAL,2025-09-03,12,5,Johnny's Revenge
HEAL,2025-09-03,12,6,Applicant
HEAL,2025-09-03,12,7,Rooster Legs
HEAL,2025-09-03,12,8,Perfect Revenge
HEAL,2025-09-05,1,6,445x7 Whatever It Is
HEAL,2025-09-05,1,7,Little Splinter
HEAL,2025-09-05,3,8,Awe Well
HEAL,2025-09-05,4,2,Pink Gin
HEAL,2025-09-05,5,1,Rapidfire Jayda
HEAL,2025-09-05,5,2,Redgum Wars
HEAL,2025-09-05,5,3,Jaicos
HEAL,2025-09-05,5,4,Matchbox Honey
HEAL,2025-09-05,5,5,155f4 Bullseye Bob
HEAL,2025-09-05,5,6,Cruella
HEAL,2025-09-05,5,7,Motivate
HEAL,2025-09-05,5,8,74x35 Sonic Diesel
HEAL,2025-09-05,6,1,King Cherry
HEAL,2025-09-05,6,2,Max Pearl
HEAL,2025-09-05,6,3,Roscoe Bale
HEAL,2025-09-05,6,4,Winning Ratio
HEAL,2025-09-05,6,5,Evil Eye
HEAL,2025-09-05,6,6,Chill Out Plate
HEAL,2025-09-05,6,7,Sun In Cuba
HEAL,2025-09-05,6,8,6647x Shima Ballad
HEAL,2025-09-05,7,1,Highgate Franky
HEAL,2025-09-05,7,2,Diplomat
HEAL,2025-09-05,7,3,Jolly Old Mac
HEAL,2025-09-05,7,5,Caco Missile
HEAL,2025-09-05,7,7,Bub Who
HEAL,2025-09-05,7,8,Yeah You
HEAL,2025-09-05,8,1,King Matteo
HEAL,2025-09-05,8,2,Sweet Nugget
HEAL,2025-09-05,8,3,54x22 Oliver Kelton
HEAL,2025-09-05,8,4,Firing Chief
HEAL,2025-09-05,8,5,x7316 Waltzing Brute
HEAL,2025-09-05,8,6,Paw Waldo
HEAL,2025-09-05,8,7,Kramer's King
HEAL,2025-09-05,8,8,Zinzan Charlie
HEAL,2025-09-05,9,4,Alzetta
HEAL,2025-09-05,9,5,3x334 Storms Will Roll
HEAL,2025-09-05,10,1,Sweet Valentine
HEAL,2025-09-05,10,2,Sir Capulet
HEAL,2025-09-05,10,3,Myall Jack
HEAL,2025-09-05,10,4,2758x Dinosaur Deano
HEAL,2025-09-05,10,5,3543x Fast Love
HEAL,2025-09-05,10,6,Electra Opal
HEAL,2025-09-05,10,7,Cheap Red Wine
HEAL,2025-09-05,10,8,Little Jack Finn
HEAL,2025-09-05,11,1,Barkly Street
HEAL,2025-09-05,11,2,Lamia Wheeze
HEAL,2025-09-05,11,4,Head Hunter
HEAL,2025-09-05,11,5,Pia Bella
HEAL,2025-09-05,11,6,638x3 Fast Legs
HEAL,2025-09-05,11,7,30x53 Sailplane
HEAL,2025-09-05,11,8,1x576 Ubiquitous
HEAL,2025-09-05,12,1,Path To Nirvana
HEAL,2025-09-05,12,2,1x688 Aston Jalapeno
HEAL,2025-09-05,12,3,Why Not Ava
HEAL,2025-09-05,12,4,Why Not Barney
HEAL,2025-09-05,12,5,Daintree Damage
HEAL,2025-09-05,12,6,11x34 Valletta Flash
HEAL,2025-09-05,12,7,Full Of Fun
HEAL,2025-09-05,12,8,Daintree Dazzler
HEAL,2025-09-07,1,1,Wild Venus
HEAL,2025-09-07,1,2,Lainey Jane
HEAL,2025-09-07,1,3,Redgum Wars
HEAL,2025-09-07,1,4,Jobs On
HEAL,2025-09-07,1,5,Despicable Andy
HEAL,2025-09-07,1,6,141x7 Zinzan Sammy
HEAL,2025-09-07,1,7,Choji Akimichi
HEAL,2025-09-07,1,8,Donegal Express
HEAL,2025-09-07,2,1,Aston Michigan
HEAL,2025-09-07,2,2,Kill Your Smile
HEAL,2025-09-07,2,3,7x1x5 After The Siren
HEAL,2025-09-07,2,4,Play Lab
HEAL,2025-09-07,2,5,King Cherry
HEAL,2025-09-07,2,6,Scott Influence
HEAL,2025-09-07,2,7,Braemar Elsie
HEAL,2025-09-07,2,8,Make Me King
HEAL,2025-09-07,3,1,3x214 Lambrick Road
HEAL,2025-09-07,3,2,Riversdale Mick
HEAL,2025-09-07,3,3,Augustus Finch
HEAL,2025-09-07,3,4,Zipping Gryllis
HEAL,2025-09-07,3,6,Got Flair
HEAL,2025-09-07,3,7,Posh Paws
HEAL,2025-09-07,3,8,Mepunga Rocky
HEAL,2025-09-07,4,1,High End Cash
HEAL,2025-09-07,4,2,Paw Waldo
HEAL,2025-09-07,4,3,Matchbox Beast
HEAL,2025-09-07,4,4,Saxon Kelton
HEAL,2025-09-07,4,6,Giacomo
HEAL,2025-09-07,4,7,Highly Abrasive
HEAL,2025-09-07,4,8,Hail The Chief
HEAL,2025-09-07,5,1,Luxford
HEAL,2025-09-07,5,2,My Name's Eden
HEAL,2025-09-07,5,3,Papa Easy
HEAL,2025-09-07,5,4,1x123 Winking Willie
HEAL,2025-09-07,5,5,Kurnai Bolt
HEAL,2025-09-07,5,6,Natalie Bale
HEAL,2025-09-07,5,7,Shorty Boy
HEAL,2025-09-07,5,8,Typhoon Baylee
HEAL,2025-09-07,6,1,Fernando Phil
HEAL,2025-09-07,6,2,6x1x4 Magic Western
HEAL,2025-09-07,6,3,Solicit
HEAL,2025-09-07,6,4,Flying Doormat
HEAL,2025-09-07,6,5,4f113 Panama Rhode
HEAL,2025-09-07,6,6,Raining Fire
HEAL,2025-09-07,6,7,Serial Sticker
HEAL,2025-09-07,6,8,44x41 Knee Deep
HEAL,2025-09-07,7,1,Be A Shadow
HEAL,2025-09-07,7,2,Aston Monarchy
HEAL,2025-09-07,7,3,8x185 Happy Chick
HEAL,2025-09-07,7,4,Aston Warrior
HEAL,2025-09-07,7,5,Sailaway Gin
HEAL,2025-09-07,7,6,Head Hunter
HEAL,2025-09-07,7,7,Zinzan Plodder
HEAL,2025-09-07,7,8,352x4 Seagull Rock
HEAL,2025-09-07,8,1,4434x Levi Design
HEAL,2025-09-07,8,2,x4413 Mepunga Shine
HEAL,2025-09-07,8,3,Catch Some Rays
HEAL,2025-09-07,8,4,Nambrok Nick
HEAL,2025-09-07,8,6,Mile A Minute
HEAL,2025-09-07,8,7,1f411 Cookie Man
HEAL,2025-09-07,8,8,Burn Along
HEAL,2025-09-07,9,1,Be A Cowboy
HEAL,2025-09-07,9,2,Yeah You
HEAL,2025-09-07,9,3,Thermal Ignition
HEAL,2025-09-07,9,4,Be You
HEAL,2025-09-07,9,5,Magic Loki
HEAL,2025-09-07,9,6,Especial Kai
HEAL,2025-09-07,9,7,Phoenix Tan
HEAL,2025-09-07,9,8,Bruree Pat
HEAL,2025-09-07,10,1,Chavero
HEAL,2025-09-07,10,2,11x22 Matt Loch
HEAL,2025-09-07,10,3,Short Straw Trev
HEAL,2025-09-07,10,4,x1115 Canya Tornado
HEAL,2025-09-07,10,5,Talk Is Cheap
HEAL,2025-09-07,10,6,Prison Break
HEAL,2025-09-07,10,7,Tarawi Therese
HEAL,2025-09-07,10,8,Aston Fantastic
HEAL,2025-09-07,11,1,Mike Angelo Zeal
HEAL,2025-09-07,11,2,Raging Storm
HEAL,2025-09-07,11,3,Dishy Di
HEAL,2025-09-07,11,4,Paw Xabia
HEAL,2025-09-07,11,5,Mums Pearl
HEAL,2025-09-07,11,6,311x1 Spot Fox
HEAL,2025-09-07,11,7,Midnight In Sale
HEAL,2025-09-07,11,8,Peaky Avenger
HEAL,2025-09-07,12,1,Lakeview Lass
HEAL,2025-09-07,12,2,Glorious Glory
HEAL,2025-09-07,12,3,Wandana Lad
HEAL,2025-09-07,12,4,27x65 Son Of Cindy
HEAL,2025-09-07,12,5,3457x Chip And Tail
HEAL,2025-09-07,12,6,5x188 Bear Lee Bandit
HEAL,2025-09-07,12,7,Simply Stylish
HEAL,2025-09-07,12,8,Prestia
QSTR,2025-09-01,1,1,Velocity Yin
QSTR,2025-09-01,1,2,648x4 Outlaw Nancy
QSTR,2025-09-01,1,3,28x84 Archie Trick
QSTR,2025-09-01,1,4,265x1 Cake Is Great
QSTR,2025-09-01,1,5,Goldstar Summer
QSTR,2025-09-01,1,6,Roscoe Ray
QSTR,2025-09-01,1,7,Percy Two
QSTR,2025-09-01,1,8,Where's The Bomb
QSTR,2025-09-01,2,1,Scout Bobber
QSTR,2025-09-01,2,2,3516x Man On Fire
QSTR,2025-09-01,2,3,5773x Wild Dash Zip
QSTR,2025-09-01,2,4,x6378 Nosey Marie
QSTR,2025-09-01,2,5,Jagger's Jam
QSTR,2025-09-01,2,6,Phantom Peeler
QSTR,2025-09-01,2,7,5x476 Glass Bullet
QSTR,2025-09-01,2,8,Cliff Clavin
QSTR,2025-09-04,1,1,Tempo And Touch
QSTR,2025-09-04,1,2,Strong Boy
QSTR,2025-09-04,1,3,Furious Rage
QSTR,2025-09-04,1,4,3777x Jack And You
QSTR,2025-09-04,1,6,Not The Deputy
QSTR,2025-09-04,1,8,Clear Breeze
QSTR,2025-09-04,2,1,740x5 Kiss And Cuddle
QSTR,2025-09-04,2,2,4x232 Bogie Becker
QSTR,2025-09-04,2,3,73x7 Wise Style
QSTR,2025-09-04,2,5,Lacey Joy
QSTR,2025-09-04,2,7,3778x Petite Gal
QSTR,2025-09-04,3,1,1x67x Prince Amarok
QSTR,2025-09-04,3,2,Fly Apart
QSTR,2025-09-04,3,3,Big Nate
QSTR,2025-09-04,3,4,Specifically
QSTR,2025-09-04,3,7,Barry The Boss
QSTR,2025-09-04,3,8,Boom Boom Bernie
QSTR,2025-09-04,4,1,1x654 Sassy Vixen
QSTR,2025-09-04,4,2,Cabarita Beach
QSTR,2025-09-04,4,3,Shy Hi
QSTR,2025-09-04,4,5,Tiny Rocket
QSTR,2025-09-04,4,6,x7462 Lagniappe
QSTR,2025-09-04,4,7,78x64 Tiny But Potent
QSTR,2025-09-04,4,8,688x2 Pretty In Pink
QSTR,2025-09-04,5,1,Perfect Pose
QSTR,2025-09-04,5,2,x7x21 Scotch On Ice
QSTR,2025-09-04,5,3,Bogie Nicole
QSTR,2025-09-04,5,4,Craven
QSTR,2025-09-04,5,5,Tibetan Belle
QSTR,2025-09-04,5,6,Strikes Twice
QSTR,2025-09-04,5,7,8x7x3 Wise Rico
QSTR,2025-09-04,6,1,Lightning Reece
QSTR,2025-09-04,6,2,Blue Serenade
QSTR,2025-09-04,6,3,Sunset Dreaming
QSTR,2025-09-04,6,4,Sarah's Price
QSTR,2025-09-04,6,5,45x74 Aussie Sands
QSTR,2025-09-04,6,6,845x6 Vanzant Hayze
QSTR,2025-09-04,6,7,6x538 Extreme Malt
QSTR,2025-09-04,6,8,484x5 High Geared
QSTR,2025-09-04,7,1,6x661 Please Clarify
QSTR,2025-09-04,7,2,Percy Two
QSTR,2025-09-04,7,3,Rockin' Hillside
QSTR,2025-09-04,7,4,Strong Liquor
QSTR,2025-09-04,7,5,Ray's Attack
QSTR,2025-09-04,7,6,Princess Darcy
QSTR,2025-09-04,7,7,Ellie's Lad
QSTR,2025-09-04,7,8,Too Hot
QSTR,2025-09-04,8,1,748x6 Out Of Time
QSTR,2025-09-04,8,2,7x137 Queen Lily
QSTR,2025-09-04,8,3,113x4 Rousey Hayze
QSTR,2025-09-04,8,4,Surf Size Queen
QSTR,2025-09-04,8,5,Whiskey Sipper
QSTR,2025-09-04,8,6,Kalina Pearl
QSTR,2025-09-04,8,7,Bizzaro Boy
QSTR,2025-09-04,8,8,Black Raspberry
QSTR,2025-09-04,9,1,Salute
QSTR,2025-09-04,9,2,Mark Jett Power
QSTR,2025-09-04,9,3,Shevchenko Hayze
QSTR,2025-09-04,9,4,Padova
QSTR,2025-09-04,9,5,Zipper Cash
QSTR,2025-09-04,9,6,Go The Blues
QSTR,2025-09-04,9,7,Lavana Lee
QSTR,2025-09-04,9,8,Give Me Bucks
QSTR,2025-09-04,10,1,Maximum Ace
QSTR,2025-09-04,10,2,Bush Bouquet
QSTR,2025-09-04,10,3,Take Over Haze
QSTR,2025-09-04,10,4,He Is Demetrious
QSTR,2025-09-04,10,5,Finnis Bale
QSTR,2025-09-04,10,6,Our Boy Chopper
QSTR,2025-09-04,10,7,Ace Diva
QSTR,2025-09-04,10,8,Showtime Donald
QSTR,2025-09-04,11,1,Havoc
QSTR,2025-09-04,11,2,Tuki Beach
QSTR,2025-09-04,11,3,Roisin Imitated
QSTR,2025-09-04,11,4,Kisses For Me
QSTR,2025-09-04,11,5,Super Sequioa
QSTR,2025-09-04,11,6,Where's My Star
QSTR,2025-09-04,11,7,6x313 Commander Sarge
QSTR,2025-09-04,11,8,Bardwell
QSTR,2025-09-04,12,1,Hollow Hayze
QSTR,2025-09-04,12,2,Polly's Jester
QSTR,2025-09-04,12,3,266x7 Agent Spaghetti
QSTR,2025-09-04,12,4,Julane Ava
QSTR,2025-09-04,12,5,Beautify
QSTR,2025-09-04,12,6,Definitive Miss
QSTR,2025-09-04,12,7,Cuban Rhythm
QSTR,2025-09-04,12,8,Dashing Turbo
QSTR,2025-09-07,1,2,Strong Boy
QSTR,2025-09-07,1,3,Speedy Sprinkles
QSTR,2025-09-07,1,4,Typhoon Tahlia
QSTR,2025-09-07,1,6,Paloma Princess
QSTR,2025-09-07,1,7,Bubba's Tyrant
QSTR,2025-09-07,2,2,Wrong Side Up
QSTR,2025-09-07,2,4,Jack Is Back
QSTR,2025-09-07,2,5,68x75 Ivy Moo Moo
QSTR,2025-09-07,2,6,x2321 Bogie Becker
QSTR,2025-09-07,2,8,Clear Breeze
QSTR,2025-09-07,3,1,Bogie Nicole
QSTR,2025-09-07,3,3,Millie Moo Moo
QSTR,2025-09-07,3,6,Quite Sinister
QSTR,2025-09-07,3,7,Polly's Vibe
QSTR,2025-09-07,3,8,Roof Rattler
QSTR,2025-09-07,4,1,40x56 Kiss And Cuddle
QSTR,2025-09-07,4,2,Sirius Melita
QSTR,2025-09-07,4,3,Lacey Joy
QSTR,2025-09-07,4,4,Birds The Word
QSTR,2025-09-07,4,5,Tempo And Touch
QSTR,2025-09-07,4,6,5864x Stay The Rage
QSTR,2025-09-07,4,8,Zabdon Miracle
QSTR,2025-09-07,5,1,Brodie And Me
QSTR,2025-09-07,5,2,King Moses
QSTR,2025-09-07,5,3,Zabdon Blondie
QSTR,2025-09-07,5,4,Batman Returns
QSTR,2025-09-07,5,5,73x66 Spitfire Marcy
QSTR,2025-09-07,5,6,Remember Pal
QSTR,2025-09-07,5,7,Quarter Share
QSTR,2025-09-07,5,8,Missy Moo Moo
QSTR,2025-09-07,6,1,x6544 Sassy Vixen
QSTR,2025-09-07,6,2,8x648 Tiny But Potent
QSTR,2025-09-07,6,3,x6778 Let Them Be
QSTR,2025-09-07,6,4,Noaki Sea Breeze
QSTR,2025-09-07,6,5,8326x Quite Divine
QSTR,2025-09-07,6,6,Bombastic Lola
QSTR,2025-09-07,6,7,x8644 Tuta Timeline
QSTR,2025-09-07,6,8,743x1 Dump The Clutch
QSTR,2025-09-07,7,1,88x27 Pretty In Pink
QSTR,2025-09-07,7,2,Bentley Moana
QSTR,2025-09-07,7,3,Farmor Defiant
QSTR,2025-09-07,7,4,Shadow Raven
QSTR,2025-09-07,7,5,Asawa Baby
QSTR,2025-09-07,7,6,Tiny Rocket
QSTR,2025-09-07,7,7,Lady Felicia
QSTR,2025-09-07,7,8,Katie Cuddles
QSTR,2025-09-07,8,1,86x74 Groovy Georgie
QSTR,2025-09-07,8,2,Black Harada
QSTR,2025-09-07,8,3,Lakoda Wombat
QSTR,2025-09-07,8,4,Exhibit
QSTR,2025-09-07,8,5,7x884 It's My Cash
QSTR,2025-09-07,8,6,She's A Mystery
QSTR,2025-09-07,8,7,Witchetty Grub
QSTR,2025-09-07,8,8,I'm Lucky
QSTR,2025-09-07,9,1,Go Gracie Go
QSTR,2025-09-07,9,2,Sirius Emily
QSTR,2025-09-07,9,3,Solar Flare
QSTR,2025-09-07,9,4,Zabdon Justice
QSTR,2025-09-07,9,5,265x5 Making Memories
QSTR,2025-09-07,9,6,Blue Machine
QSTR,2025-09-07,9,7,Go Blanchett Go
QSTR,2025-09-07,9,8,Minh Sonny
QSTR,2025-09-07,10,1,371x2 Workman Like
QSTR,2025-09-07,10,2,Perky Penny
QSTR,2025-09-07,10,3,Disorderly
QSTR,2025-09-07,10,4,She's A Ladette
QSTR,2025-09-07,10,5,x5x21 Showtime Caesar
QSTR,2025-09-07,10,6,65x11 Cake Is Great
QSTR,2025-09-07,10,7,x3111 Tuta Interval
QSTR,2025-09-07,10,8,Mega Move
QSTR,2025-09-07,11,1,Tea Sea Gem
QSTR,2025-09-07,11,2,72x47 Pirate Patchy
QSTR,2025-09-07,11,3,Pocket Banfield
QSTR,2025-09-07,11,4,Noaki Uno
QSTR,2025-09-07,11,5,546x2 Ibrox McCoist
QSTR,2025-09-07,11,6,Sirius Max
QSTR,2025-09-07,11,7,Divorce Papers
QSTR,2025-09-07,11,8,Tuta Endless
QSTR,2025-09-07,12,1,Lavana Lee
QSTR,2025-09-07,12,2,Wally's Boy
QSTR,2025-09-07,12,3,Rhino's Dreaming
QSTR,2025-09-07,12,4,Nosey Marie
QSTR,2025-09-07,12,5,Just Released
QSTR,2025-09-07,12,6,Pennant Player
QSTR,2025-09-07,12,7,Ellen Rose
QSTR,2025-09-07,12,8,628x4 Leaving Now
QSTR,2025-09-08,1,1,Doongalla Pedro
QSTR,2025-09-08,1,2,Oscar Thea
QSTR,2025-09-08,1,3,8x846 Archie Trick
QSTR,2025-09-08,1,4,Bad Boy Elvis
QSTR,2025-09-08,1,5,She's Bubbles
QSTR,2025-09-08,1,6,48x48 Outlaw Nancy
QSTR,2025-09-08,1,7,Crickle Owl Vic
QSTR,2025-09-08,1,8,Disco Ethics
QSTR,2025-09-08,2,1,Early Mission
QSTR,2025-09-08,2,2,Percy Two
QSTR,2025-09-08,2,3,65x54 Cosmic Space
QSTR,2025-09-08,2,4,Another Photo
QSTR,2025-09-08,2,5,Oxidisation
QSTR,2025-09-08,2,6,x7376 Penny's Prince
QSTR,2025-09-08,2,7,Ricky Bobby
QSTR,2025-09-08,2,8,Minter Honour
RICH,2025-09-03,1,2,x2427 Bobby Junior
RICH,2025-09-03,1,3,McCathery
RICH,2025-09-03,1,6,Aorta
RICH,2025-09-03,1,7,26x44 Zipping Nebula
RICH,2025-09-03,2,1,Lock Star
RICH,2025-09-03,2,2,Karoona Kid
RICH,2025-09-03,2,3,Turbo Todd
RICH,2025-09-03,2,4,Phoenix Moon
RICH,2025-09-03,2,6,Club Dozer
RICH,2025-09-03,2,7,Chinese Chariot
RICH,2025-09-03,2,8,What's The Story
RICH,2025-09-03,3,4,x65x3 Palpitations
RICH,2025-09-03,3,6,Dreams Come True
RICH,2025-09-03,3,7,Missile Boy
RICH,2025-09-03,3,8,She's The Best
RICH,2025-09-03,4,1,Midnight Star
RICH,2025-09-03,4,2,Little Time
RICH,2025-09-03,4,3,Cold Hard Cash
RICH,2025-09-03,4,4,All The Cash
RICH,2025-09-03,4,6,Hendrix
RICH,2025-09-03,4,7,Cash Chaser
RICH,2025-09-03,4,8,Flash Liza
RICH,2025-09-03,5,1,It's Noon
RICH,2025-09-03,5,2,2866x Whiskey Dawn
RICH,2025-09-03,5,3,Zipping Ali
RICH,2025-09-03,5,4,Surroundings
RICH,2025-09-03,5,5,4454x Shintaro
RICH,2025-09-03,5,6,Aussie Lantern
RICH,2025-09-03,5,7,Calla Oreo
RICH,2025-09-03,5,8,Ivy's Might
RICH,2025-09-03,6,1,Zipping Xaden
RICH,2025-09-03,6,3,Wangaroa Wally
RICH,2025-09-03,6,4,Test Drive
RICH,2025-09-03,6,5,Ice Cream Joe
RICH,2025-09-03,6,6,Canya Rapid Fire
RICH,2025-09-03,6,7,Zipping Arkle
RICH,2025-09-03,6,8,Front End Loader
RICH,2025-09-03,7,1,Morning Daylight
RICH,2025-09-03,7,2,New Surprise
RICH,2025-09-03,7,3,Bakerloo Boy
RICH,2025-09-03,7,4,6x77x Elite Charlm
RICH,2025-09-03,7,5,8575f Fantastic Maxine
RICH,2025-09-03,7,7,Tommy's Dawn
RICH,2025-09-03,7,8,Fantastic Tariq
RICH,2025-09-03,8,1,Winsome Josie
RICH,2025-09-03,8,2,Maybe Next Week
RICH,2025-09-03,8,3,Melting Moments
RICH,2025-09-03,8,4,Zipping Nala
RICH,2025-09-03,8,5,Dire
RICH,2025-09-03,8,6,Gengar Wave
RICH,2025-09-03,8,7,Tumby Bay
RICH,2025-09-03,8,8,Say Your Prayers
RICH,2025-09-03,9,1,Lucky Links
RICH,2025-09-03,9,2,137x2 Minter Shine
RICH,2025-09-03,9,3,56x77 Muscle Memory
RICH,2025-09-03,9,4,Chris Whit
RICH,2025-09-03,9,5,Satriani
RICH,2025-09-03,9,6,Wicked Raven
RICH,2025-09-03,9,7,568x5 Jessica Jayne
RICH,2025-09-03,9,8,She's Our Joy
RICH,2025-09-03,10,1,Tasty Snack
RICH,2025-09-03,10,2,Tricolour Magic
RICH,2025-09-03,10,3,16x35 Usain Bark
RICH,2025-09-03,10,4,Calla Rusty
RICH,2025-09-03,10,6,Dumpling
RICH,2025-09-03,10,7,Loco Express
RICH,2025-09-03,10,8,Simply The Best
RICH,2025-09-03,11,1,Archer Ten
RICH,2025-09-03,11,2,Aston Mendes
RICH,2025-09-03,11,3,Pilot Vehicle
RICH,2025-09-03,11,5,Red Rock Rattler
RICH,2025-09-03,11,6,Teresa's Angel
RICH,2025-09-03,11,7,Run For Dad
RICH,2025-09-03,11,8,Missy's Girl
RICH,2025-09-03,12,1,Low Range
RICH,2025-09-03,12,2,Rockstar Ghan
RICH,2025-09-03,12,3,Stumpy Jones
RICH,2025-09-03,12,4,Lizzie Long Legs
RICH,2025-09-03,12,5,Montana Banner
RICH,2025-09-03,12,6,Utmost
RICH,2025-09-03,12,8,186x Big Surprise
RICH,2025-09-05,1,1,Fantastic Wilma
RICH,2025-09-05,1,2,Glimmer Girl
RICH,2025-09-05,1,3,Rosacky Sky
RICH,2025-09-05,1,5,x87x0 Knighted Nuke
RICH,2025-09-05,1,6,x768x Paw Ricochet
RICH,2025-09-05,1,8,2x766 Megalong Girl
RICH,2025-09-05,2,1,Chantane
RICH,2025-09-05,2,2,2f541 It's All Bad
RICH,2025-09-05,2,3,Spin Around Blue
RICH,2025-09-05,2,4,Radetzky March
RICH,2025-09-05,2,6,Hello How Low
RICH,2025-09-05,2,7,Reborn Dawn
RICH,2025-09-05,2,8,Lightning Hunter
RICH,2025-09-05,3,1,Dandy Redeemer
RICH,2025-09-05,3,3,First Exit
RICH,2025-09-05,3,5,Upended
RICH,2025-09-05,3,6,Knighted Buzz
RICH,2025-09-05,3,7,Too Busy
RICH,2025-09-05,3,8,Rusty Cortez
RICH,2025-09-05,4,1,x2x15 Gentleman Jake
RICH,2025-09-05,4,2,Slingshot Layla
RICH,2025-09-05,4,3,Shot Of Faith
RICH,2025-09-05,4,4,2412x No More Trouble
RICH,2025-09-05,4,6,7x42x See How
RICH,2025-09-05,4,7,624f4 Zipping Colin
RICH,2025-09-05,4,8,Blue Mojito
RICH,2025-09-05,5,1,6547x Geordie
RICH,2025-09-05,5,2,Cruise Or Lose
RICH,2025-09-05,5,3,Coal
RICH,2025-09-05,5,4,1756x Fantanna's Dream
RICH,2025-09-05,5,5,Flash Hunter
RICH,2025-09-05,5,6,x8845 Talon Tiger
RICH,2025-09-05,5,7,285x4 Sunshine Lily
RICH,2025-09-05,5,8,Arthur Chance
RICH,2025-09-05,6,1,Sassy Crossed
RICH,2025-09-05,6,2,Long Tall Sammy
RICH,2025-09-05,6,3,Canya Flaming
RICH,2025-09-05,6,4,Knighted Marshal
RICH,2025-09-05,6,5,Basket Press
RICH,2025-09-05,6,6,Follow The Ace
RICH,2025-09-05,6,8,You Two
RICH,2025-09-05,7,1,Zig Zag Man
RICH,2025-09-05,7,2,See Red
RICH,2025-09-05,7,4,5525x Siska Lucy
RICH,2025-09-05,7,5,Reborn Hostility
RICH,2025-09-05,7,7,Make Them Cry
RICH,2025-09-05,7,8,Sassy Supreme
RICH,2025-09-05,8,1,2x8x4 Knighted Kaos
RICH,2025-09-05,8,2,Baby Blossom
RICH,2025-09-05,8,3,Open Road
RICH,2025-09-05,8,4,I'm Better
RICH,2025-09-05,8,5,Cait Rod's Fly
RICH,2025-09-05,8,7,Lucia Power
RICH,2025-09-05,8,8,Federal Viper
RICH,2025-09-05,9,1,Fire Pit
RICH,2025-09-05,9,2,6x464 Despicable Kava
RICH,2025-09-05,9,3,Rie Bale
RICH,2025-09-05,9,4,68x52 Jessica Jayne
RICH,2025-09-05,9,5,Isolation
RICH,2025-09-05,9,6,Baby Time
RICH,2025-09-05,9,7,More Crackers
RICH,2025-09-05,9,8,Reborn Eclipse
RICH,2025-09-05,10,1,Corless Insane
RICH,2025-09-05,10,2,Sunnybrook
RICH,2025-09-05,10,3,Fantasia Queen
RICH,2025-09-05,10,4,Her Reason
RICH,2025-09-05,10,6,Crimson Dynamo
RICH,2025-09-05,10,7,64x52 Grid Girl
RICH,2025-09-05,10,8,Zipping Strop
RICH,2025-09-05,11,1,Almost
RICH,2025-09-05,11,2,Raghnall Waltz
RICH,2025-09-05,11,3,446f5 Kava Queen
RICH,2025-09-05,11,4,Valley Cash
RICH,2025-09-05,11,5,Rema's Marble
RICH,2025-09-05,11,7,23f43 Zipping Kristoff
RICH,2025-09-05,11,8,2f436 Cochise Squaw
RICH,2025-09-05,12,1,4138x Harrita's Rebel
RICH,2025-09-05,12,2,1868x Sterling Kroes
RICH,2025-09-05,12,3,Erina Flash
RICH,2025-09-05,12,4,Corless Choppy
RICH,2025-09-05,12,5,Aussie Jewel
RICH,2025-09-05,12,6,3f26x Zipping Mortimer
RICH,2025-09-05,12,7,Three Hundred
RICH,2025-09-05,12,8,Queen Jewel
RICH,2025-09-07,1,2,Lock Star
RICH,2025-09-07,1,3,Karoona Kid
RICH,2025-09-07,1,6,Turbo Todd
RICH,2025-09-07,1,8,Red Shoestring
RICH,2025-09-07,2,1,What's The Story
RICH,2025-09-07,2,2,Dreams Come True
RICH,2025-09-07,2,3,Tap Out Kitty
RICH,2025-09-07,2,4,8x868 Ferocious Vaughn
RICH,2025-09-07,2,5,6x6f6 Aurora's Image
RICH,2025-09-07,2,6,Zipping Schultz
RICH,2025-09-07,2,7,Tap Out Tiffy
RICH,2025-09-07,2,8,787x5 Making Movies
RICH,2025-09-07,3,1,Jan's Memory
RICH,2025-09-07,3,2,Driftin' Ethics
RICH,2025-09-07,3,3,Back Tomorrow
RICH,2025-09-07,3,4,2731f Flash Liza
RICH,2025-09-07,3,5,Nirmada
RICH,2025-09-07,3,6,156x7 Dam Bacci
RICH,2025-09-07,3,7,Hendrix
RICH,2025-09-07,3,8,x8x46 Knighted Kaos
RICH,2025-09-07,4,1,Hey Bubba Louie
RICH,2025-09-07,4,2,Glow Stick
RICH,2025-09-07,4,3,8466x Little Donation
RICH,2025-09-07,4,4,Lizzie Long Legs
RICH,2025-09-07,4,5,Platinum Zeal
RICH,2025-09-07,4,7,Slightly Psycho
RICH,2025-09-07,4,8,5534x Dawn Magic
RICH,2025-09-07,5,1,Pilot Vehicle
RICH,2025-09-07,5,2,112x4 Anjo Topaz
RICH,2025-09-07,5,3,Run Cliff Run
RICH,2025-09-07,5,4,415f7 Sweet As Sin
RICH,2025-09-07,5,5,Laurie's Ferrari
RICH,2025-09-07,5,6,Perfect Panama
RICH,2025-09-07,5,7,35x82 Tap Out Boston
RICH,2025-09-07,6,1,5x635 Miss Zig Zag
RICH,2025-09-07,6,2,Zipping Arkle
RICH,2025-09-07,6,3,Tumby Bay
RICH,2025-09-07,6,4,4873x Eureka Robbie
RICH,2025-09-07,6,5,Zipping Cluedo
RICH,2025-09-07,6,6,Motor City Chief
RICH,2025-09-07,6,7,Zipping Xaden
RICH,2025-09-07,6,8,Dire
RICH,2025-09-07,7,1,Electric Blue
RICH,2025-09-07,7,2,Montana Banner
RICH,2025-09-07,7,3,Spare The Detail
RICH,2025-09-07,7,4,675x4 Seven Is Lucky
RICH,2025-09-07,7,5,Summer Dream
RICH,2025-09-07,7,6,Canya Rapid Fire
RICH,2025-09-07,7,7,Acknowledge Me
RICH,2025-09-07,7,8,On A Dime
RICH,2025-09-07,8,1,575f7 Fantastic Maxine
RICH,2025-09-07,8,2,So Irrelevant
RICH,2025-09-07,8,3,Winsome Wanda
RICH,2025-09-07,8,4,6x41 Lizzy Bonkers
RICH,2025-09-07,8,6,My Harley
RICH,2025-09-07,8,7,Red Rock Rattler
RICH,2025-09-07,8,8,Knighted Marshal
RICH,2025-09-07,9,1,Melting Moments
RICH,2025-09-07,9,2,Infamous Statham
RICH,2025-09-07,9,3,Good Odds Dolly
RICH,2025-09-07,9,4,Wild Reggie
RICH,2025-09-07,9,5,Zipping Dekkers
RICH,2025-09-07,9,6,Tatooine
RICH,2025-09-07,9,7,Vonnie Lee
RICH,2025-09-07,9,8,Flying For Aaron
RICH,2025-09-07,10,1,Bakerloo Boy
RICH,2025-09-07,10,2,Reborn Dawn
RICH,2025-09-07,10,3,Tap Out Beau
RICH,2025-09-07,10,4,Motor City Hawk
RICH,2025-09-07,10,5,Winsome Josie
RICH,2025-09-07,10,6,Tiny Sniffy
RICH,2025-09-07,10,7,Maybe Next Week
RICH,2025-09-07,10,8,37x24 Minter Shine
RICH,2025-09-07,11,1,x7432 Book Of Feuds
RICH,2025-09-07,11,2,I'm Bored
RICH,2025-09-07,11,3,Zipping Ali
RICH,2025-09-07,11,4,Confectionery
RICH,2025-09-07,11,5,Appin Way
RICH,2025-09-07,11,6,Calla Rusty
RICH,2025-09-07,11,7,25x65 Me Spook
RICH,2025-09-07,12,1,It's Noon
RICH,2025-09-07,12,2,Chris Whit
RICH,2025-09-07,12,3,My Machine
RICH,2025-09-07,12,4,Where's Nanny
RICH,2025-09-07,12,5,Stephen Witherap
RICH,2025-09-07,12,6,1f671 Princess Mika
RICH,2025-09-07,12,7,Knight's Castle
RICH,2025-09-07,12,8,Lucky Links
SALE,2025-09-07,1,4,Joey
SALE,2025-09-07,1,6,Somerton Teddy
SALE,2025-09-07,1,7,Aston Boost
SALE,2025-09-07,1,8,Sweet Trilby
SALE,2025-09-07,2,1,Lucky Harper
SALE,2025-09-07,2,2,Mad Hatter Rose
SALE,2025-09-07,2,4,Cartman
SALE,2025-09-07,2,5,Dundee Spike
SALE,2025-09-07,2,6,Green Frog Cafe
SALE,2025-09-07,2,7,Roslyn Hook
SALE,2025-09-07,2,8,4fx23 Paw Brody
SALE,2025-09-07,3,1,4x325 Anna
SALE,2025-09-07,3,2,Twisted Fantasy
SALE,2025-09-07,3,3,Hamish Rose
SALE,2025-09-07,3,4,Ace Of Pace
SALE,2025-09-07,3,5,x7164 Sand Dunes
SALE,2025-09-07,3,7,Ithacan Goddess
SALE,2025-09-07,3,8,1f125 Unleash The Lion
SALE,2025-09-07,4,1,Ribero
SALE,2025-09-07,4,2,Our Mabel
SALE,2025-09-07,4,4,Skywalker Rose
SALE,2025-09-07,4,5,Myall Mate
SALE,2025-09-07,4,6,Dash Of Whisky
SALE,2025-09-07,4,8,Snitch Adams
SALE,2025-09-07,5,1,4135x Unleash Me
SALE,2025-09-07,5,3,Sharni's Secret
SALE,2025-09-07,5,4,Amron Mick
SALE,2025-09-07,5,5,Shaun Lee Rose
SALE,2025-09-07,5,6,Doctor Minty
SALE,2025-09-07,5,7,Akina Lad
SALE,2025-09-07,6,1,6814x Johnson Street
SALE,2025-09-07,6,2,Holly Rose
SALE,2025-09-07,6,3,Madalia Zoom
SALE,2025-09-07,6,4,Valve Bounce
SALE,2025-09-07,6,5,x1273 My Boy Bingo
SALE,2025-09-07,6,6,Amron Sammy
SALE,2025-09-07,6,7,26x36 Nacho Problem
SALE,2025-09-07,7,1,Matilda Rose
SALE,2025-09-07,7,2,Dermott Rose
SALE,2025-09-07,7,3,July She Lied
SALE,2025-09-07,7,4,Sudoku Carmello
SALE,2025-09-07,7,7,Valencia Lola
SALE,2025-09-07,7,8,Carry On Olive
SALE,2025-09-07,8,1,Daintree Vision
SALE,2025-09-07,8,4,Nangar Jim
SALE,2025-09-07,8,5,Solar Spectrum
SALE,2025-09-07,8,6,74x41 Zippity Zippin'
SALE,2025-09-07,9,1,Excavator Ticket
SALE,2025-09-07,9,2,Paw Erina
SALE,2025-09-07,9,4,Best For Last
SALE,2025-09-07,9,5,Stacy's Mum
SALE,2025-09-07,9,7,Hurricane Bert
SALE,2025-09-07,9,8,Lakeview Nola
SALE,2025-09-07,10,1,Both Sides
SALE,2025-09-07,10,2,Engelke Road
SALE,2025-09-07,10,3,Madalia Snoopy
SALE,2025-09-07,10,4,Royal Pride
SALE,2025-09-07,10,5,Spring Regency
SALE,2025-09-07,10,7,Elle Gem
SALE,2025-09-07,10,8,Furious Falcon
SALE,2025-09-07,11,1,Akina Crusader
SALE,2025-09-07,11,2,Catch A Cutie
SALE,2025-09-07,11,3,Select Kyron
SALE,2025-09-07,11,4,Paw Zuri
SALE,2025-09-07,11,5,123x3 Paw Quark
SALE,2025-09-07,11,6,Paw Mantra
SALE,2025-09-07,11,7,Trendy Art
SALE,2025-09-07,11,8,Bland Option
SALE,2025-09-07,12,1,Kokoda Trail
SALE,2025-09-07,12,2,Somerton Karen
SALE,2025-09-07,12,3,Paw Funk
SALE,2025-09-07,12,4,Mavis Tolmie
SALE,2025-09-07,12,5,Xatu Bale
SALE,2025-09-07,12,6,Olivia Lee Rose
SALE,2025-09-07,12,7,Chasing Hearts
SALE,2025-09-07,12,8,Astute Queen
