track,date,race,box,runner,prob_win
CANN,2025-09-06,1,1,Starlight Snowy,0.125
CANN,2025-09-06,1,2,41x4 Rapido Ace,0.125
CANN,2025-09-06,1,3,Rapido Kuna,0.125
CANN,2025-09-06,1,4,0x318 Sunset Diablo,0.125
CANN,2025-09-06,1,5,Scarlett's Boy,0.125
CANN,2025-09-06,1,6,Rambo's Shout,0.125
CANN,2025-09-06,1,7,Oosthuizen,0.125
CANN,2025-09-06,1,8,Flop Shot,0.125
CANN,2025-09-06,2,1,3x452 Reinvigorated,0.125
CANN,2025-09-06,2,2,Warrior Zeus,0.125
CANN,2025-09-06,2,3,Just A Lad,0.125
CANN,2025-09-06,2,4,Legs Eleven,0.125
CANN,2025-09-06,2,5,West On Burnie,0.125
CANN,2025-09-06,2,6,Snappy Snacker,0.125
CANN,2025-09-06,2,7,Just A Babe,0.125
CANN,2025-09-06,2,8,Rapido Warrior,0.125
CANN,2025-09-06,3,1,Miss Ronnie Mac,0.142857
CANN,2025-09-06,3,2,West On Prancer,0.142857
CANN,2025-09-06,3,3,Rapido Jedi,0.142857
CANN,2025-09-06,3,4,Our Girl Jess,0.142857
CANN,2025-09-06,3,6,Heather's Pick,0.142857
CANN,2025-09-06,3,7,Hippy Trail,0.142857
CANN,2025-09-06,3,8,Tilly Rose,0.142857
CANN,2025-09-06,4,1,Fleetwood Kazak,0.142857
CANN,2025-09-06,4,2,All About Stone,0.142857
CANN,2025-09-06,4,3,Next Thing Uno,0.142857
CANN,2025-09-06,4,4,Rosie Browne,0.142857
CANN,2025-09-06,4,6,Ditalini Monelli,0.142857
CANN,2025-09-06,4,7,Disco Daisy,0.142857
CANN,2025-09-06,4,8,8x461 Dancing Dawn,0.142857
CANN,2025-09-06,5,1,Career Highlight,0.125
CANN,2025-09-06,5,2,Impress Hawkins,0.125
CANN,2025-09-06,5,3,543x7 Panadero Magic,0.125
CANN,2025-09-06,5,4,Biscotti Blast,0.125
CANN,2025-09-06,5,5,Come Find Me,0.125
CANN,2025-09-06,5,6,West On Gnocchi,0.125
CANN,2025-09-06,5,7,Stroll,0.125
CANN,2025-09-06,5,8,Premium Equity,0.125
CANN,2025-09-06,6,1,Xeni Bale,0.125
CANN,2025-09-06,6,2,Seek To Plan,0.125
CANN,2025-09-06,6,3,West On Ace,0.125
CANN,2025-09-06,6,4,Toad,0.125
CANN,2025-09-06,6,5,Come On Mango,0.125
CANN,2025-09-06,6,6,All About Coal,0.125
CANN,2025-09-06,6,7,244x4 Max Capacity,0.125
CANN,2025-09-06,6,8,Lexi Coral,0.125
CANN,2025-09-06,7,1,Cyclonic Clinton,0.125
CANN,2025-09-06,7,2,Reggae Melody,0.125
CANN,2025-09-06,7,3,Red Hot Bernie,0.125
CANN,2025-09-06,7,4,Canya Tilly,0.125
CANN,2025-09-06,7,5,Mind Reader,0.125
CANN,2025-09-06,7,6,Aston Florin,0.125
CANN,2025-09-06,7,7,Killer Kelly,0.125
CANN,2025-09-06,7,8,Sunset Amanda,0.125
CANN,2025-09-06,8,1,Iconic Jet,0.2
CANN,2025-09-06,8,2,Wise Barra,0.2
CANN,2025-09-06,8,4,Spooky Hook,0.2
CANN,2025-09-06,8,6,x4633 Transcendent,0.2
CANN,2025-09-06,8,8,Sunset Mirage,0.2
CANN,2025-09-06,9,1,Sunset Serengeti,0.2
CANN,2025-09-06,9,2,x6121 Miss Envy,0.2
CANN,2025-09-06,9,4,West On Sidney,0.2
CANN,2025-09-06,9,6,Timmy Tesla,0.2
CANN,2025-09-06,9,8,13x11 Our Ozzie Salute,0.2
CANN,2025-09-06,10,1,La Sagrada,0.2
CANN,2025-09-06,10,2,Masquerade Party,0.2
CANN,2025-09-06,10,4,Bergelmir,0.2
CANN,2025-09-06,10,6,Tommy The Lion,0.2
CANN,2025-09-06,10,8,Linguine Monelli,0.2
CANN,2025-09-06,11,1,West On Cole,0.166667
CANN,2025-09-06,11,2,Sunset Lightfoot,0.166667
CANN,2025-09-06,11,4,Lady Sherwood,0.166667
CANN,2025-09-06,11,5,Warrego Storm,0.166667
CANN,2025-09-06,11,7,Bunji Man,0.166667
CANN,2025-09-06,11,8,18x41 Silent Assassin,0.166667
CAPA,2025-09-07,1,4,Big Eddie,0.5
CAPA,2025-09-07,1,6,Love's A Memory,0.5
CAPA,2025-09-07,2,3,Graphite,0.333333
CAPA,2025-09-07,2,6,Sleek Assassin,0.333333
CAPA,2025-09-07,2,8,Flying Argos,0.333333
CAPA,2025-09-07,3,1,Commissar Cain,0.333333
CAPA,2025-09-07,3,2,Jilliby Mercedes,0.333333
CAPA,2025-09-07,3,6,Zipping Webb,0.333333
CAPA,2025-09-07,4,1,Glad All Over,0.166667
CAPA,2025-09-07,4,2,Conduction,0.166667
CAPA,2025-09-07,4,3,Myona Countess,0.166667
CAPA,2025-09-07,4,4,Seaway Cruiser,0.166667
CAPA,2025-09-07,4,5,Flyaway Jack,0.166667
CAPA,2025-09-07,4,7,Crisis Averted,0.166667
CAPA,2025-09-07,5,1,Lightning Reece,0.142857
CAPA,2025-09-07,5,3,Hara's Pest,0.142857
CAPA,2025-09-07,5,4,Canya Nuclear,0.142857
CAPA,2025-09-07,5,5,Flash Corvette,0.142857
CAPA,2025-09-07,5,6,Boom Town,0.142857
CAPA,2025-09-07,5,7,Lost Dragon,0.142857
CAPA,2025-09-07,5,8,Miles On It,0.142857
CAPA,2025-09-07,6,1,Hara's Chief,0.125
CAPA,2025-09-07,6,2,Ringbark Larry,0.125
CAPA,2025-09-07,6,3,Born To Race,0.125
CAPA,2025-09-07,6,4,Another Idea,0.125
CAPA,2025-09-07,6,5,Secret Story,0.125
CAPA,2025-09-07,6,6,Rose Of Alabama,0.125
CAPA,2025-09-07,6,7,Goodness Baby,0.125
CAPA,2025-09-07,6,8,Oh Peggy Oh,0.125
CAPA,2025-09-07,7,1,Sagai Miss,0.125
CAPA,2025-09-07,7,2,Daysea's Elvis,0.125
CAPA,2025-09-07,7,3,Volatile,0.125
CAPA,2025-09-07,7,4,Mandanda,0.125
CAPA,2025-09-07,7,5,Memory Of Mum,0.125
CAPA,2025-09-07,7,6,Too Much Scotch,0.125
CAPA,2025-09-07,7,7,Typhoon Nev,0.125
CAPA,2025-09-07,7,8,Tank Engine,0.125
CAPA,2025-09-07,8,1,Big Easy Al,0.125
CAPA,2025-09-07,8,2,Daysea's Katie,0.125
CAPA,2025-09-07,8,3,Serrai,0.125
CAPA,2025-09-07,8,4,Titanium Gunn,0.125
CAPA,2025-09-07,8,5,Whistle Away,0.125
CAPA,2025-09-07,8,6,Looking Fancy,0.125
CAPA,2025-09-07,8,7,Have Ignition,0.125
CAPA,2025-09-07,8,8,Infra Terra,0.125
CAPA,2025-09-07,9,1,4x611 Prim And Precise,0.125
CAPA,2025-09-07,9,2,Aussie Puzzle,0.125
CAPA,2025-09-07,9,3,Dreamer,0.125
CAPA,2025-09-07,9,4,Idea's Girl,0.125
CAPA,2025-09-07,9,5,Amanda Lilly,0.125
CAPA,2025-09-07,9,6,Someone's Idea,0.125
CAPA,2025-09-07,9,7,Finnis Bale,0.125
CAPA,2025-09-07,9,8,She's Our Gal,0.125
CAPA,2025-09-07,10,1,Steel Rigging,0.125
CAPA,2025-09-07,10,2,Keep Paying,0.125
CAPA,2025-09-07,10,3,Hocking,0.125
CAPA,2025-09-07,10,4,Cash Gain,0.125
CAPA,2025-09-07,10,5,Red Sun,0.125
CAPA,2025-09-07,10,6,Port For Shore,0.125
CAPA,2025-09-07,10,7,Salvatore,0.125
CAPA,2025-09-07,10,8,Kingston Trick,0.125
CAPA,2025-09-07,11,1,Cliff Clavin,0.125
CAPA,2025-09-07,11,2,Kingsbrae Westly,0.125
CAPA,2025-09-07,11,3,Monkey Pants,0.125
CAPA,2025-09-07,11,4,Sunset Dreaming,0.125
CAPA,2025-09-07,11,5,She's Athletic,0.125
CAPA,2025-09-07,11,6,Mondo Cortez,0.125
CAPA,2025-09-07,11,7,Bug Me Not,0.125
CAPA,2025-09-07,11,8,Unintended,0.125
CAPA,2025-09-07,12,1,Ricolina Pearl,0.125
CAPA,2025-09-07,12,2,My Man Jackson,0.125
CAPA,2025-09-07,12,3,Where's My Rum,0.125
CAPA,2025-09-07,12,4,Maps,0.125
CAPA,2025-09-07,12,5,Cunning Kick,0.125
CAPA,2025-09-07,12,6,Somerset Jesse,0.125
CAPA,2025-09-07,12,7,Tall And Dreamy,0.125
CAPA,2025-09-07,12,8,Zipping Hagen,0.125
DRWN,2025-09-03,1,1,Zombie Boss,0.25
DRWN,2025-09-07,1,1,Rooster Jazz,0.25
DRWN,2025-09-03,1,2,Enigma Zero,0.25
DRWN,2025-09-03,1,4,1236x Non Stop Wizard,0.25
DRWN,2025-09-07,1,4,Sportster,0.25
DRWN,2025-09-07,1,5,Mum's Boy,0.25
DRWN,2025-09-03,1,8,Black And Classy,0.25
DRWN,2025-09-07,1,8,Silversmith,0.25
DRWN,2025-09-03,2,1,Mojo Max,0.166667
DRWN,2025-09-07,2,1,Mish Mash,0.166667
DRWN,2025-09-03,2,2,Mum's Boy,0.166667
DRWN,2025-09-07,2,2,Bowhunter,0.166667
DRWN,2025-09-03,2,4,Slept In Again,0.166667
DRWN,2025-09-07,2,4,Zombie Boss,0.166667
DRWN,2025-09-03,2,5,Scotch Finger,0.166667
DRWN,2025-09-07,2,5,Cheers Mick,0.166667
DRWN,2025-09-03,2,7,Kelmar Boss,0.166667
DRWN,2025-09-07,2,7,Zydeco,0.166667
DRWN,2025-09-03,2,8,2566x Paris Icon,0.166667
DRWN,2025-09-07,2,8,Feed The Flames,0.166667
DRWN,2025-09-03,3,1,Judiciary,0.125
DRWN,2025-09-07,3,1,Go Jo,0.2
DRWN,2025-09-03,3,2,Canya Keep Cool,0.125
DRWN,2025-09-07,3,2,Lawn Keeper,0.2
DRWN,2025-09-03,3,3,Territory Rose,0.125
DRWN,2025-09-03,3,4,Mum Said Yes,0.125
DRWN,2025-09-07,3,4,Mum Said Yes,0.2
DRWN,2025-09-03,3,5,Lawn Keeper,0.125
DRWN,2025-09-03,3,6,Sportster,0.125
DRWN,2025-09-07,3,6,Tanaya,0.2
DRWN,2025-09-03,3,7,So Naive,0.125
DRWN,2025-09-03,3,8,Silversmith,0.125
DRWN,2025-09-07,3,8,Rex On Fire,0.2
DRWN,2025-09-03,4,1,Rex On Fire,0.166667
DRWN,2025-09-07,4,1,Peg,0.166667
DRWN,2025-09-03,4,2,Canya Molly,0.166667
DRWN,2025-09-07,4,2,Blue Marguerite,0.166667
DRWN,2025-09-03,4,4,Northern Express,0.166667
DRWN,2025-09-07,4,4,56f55 Zipping Digby,0.166667
DRWN,2025-09-03,4,5,Mish Mash,0.166667
DRWN,2025-09-07,4,5,Enigma Dream,0.166667
DRWN,2025-09-03,4,7,Pursuit,0.166667
DRWN,2025-09-07,4,7,Simple Sally,0.166667
DRWN,2025-09-03,4,8,Happy Intention,0.166667
DRWN,2025-09-07,4,8,Crosswired,0.166667
DRWN,2025-09-03,5,1,x5615 Northern Lion,0.2
DRWN,2025-09-07,5,1,Not Bad Yourself,0.125
DRWN,2025-09-03,5,2,Cheers Mick,0.2
DRWN,2025-09-07,5,2,Dirty Dancing,0.125
DRWN,2025-09-07,5,3,Luka Magic,0.125
DRWN,2025-09-03,5,4,5465x All About Opal,0.2
DRWN,2025-09-07,5,4,Infamous,0.125
DRWN,2025-09-07,5,5,Zelda Chaos,0.125
DRWN,2025-09-03,5,6,Pollinate,0.2
DRWN,2025-09-07,5,6,Bull's Chance,0.125
DRWN,2025-09-07,5,7,Miss Enigma,0.125
DRWN,2025-09-03,5,8,Clive's Chance,0.2
DRWN,2025-09-07,5,8,Flip Your Fifty,0.125
DRWN,2025-09-07,6,1,Bantam Magic,0.166667
DRWN,2025-09-07,6,2,Brave Ember,0.166667
DRWN,2025-09-07,6,4,Queen's Gamble,0.166667
DRWN,2025-09-07,6,5,10x15 Bernardo's Baby,0.166667
DRWN,2025-09-07,6,7,Lucy's Chance,0.166667
DRWN,2025-09-07,6,8,Quick Shadow,0.166667
DRWN,2025-09-07,7,1,Mister Easy,0.2
DRWN,2025-09-07,7,2,Here Comes Foxy,0.2
DRWN,2025-09-07,7,4,Bart's Chance,0.2
DRWN,2025-09-07,7,6,Nora's Boy,0.2
DRWN,2025-09-07,7,8,Sydney Surcharge,0.2
DRWN,2025-09-07,8,1,Kirwan,0.166667
DRWN,2025-09-07,8,2,Slept In Again,0.166667
DRWN,2025-09-07,8,4,War Admiral,0.166667
DRWN,2025-09-07,8,5,Enigma Rose,0.166667
DRWN,2025-09-07,8,7,Blue Steel,0.166667
DRWN,2025-09-07,8,8,Kelmar Boss,0.166667
GAWL,2025-09-03,1,1,Little Stefania,0.25
GAWL,2025-09-05,1,1,Hayden's Milk,0.2
GAWL,2025-09-03,1,2,Taz Maniac,0.25
GAWL,2025-09-05,1,2,Carry On Izzy,0.2
GAWL,2025-09-03,1,4,Nordic Queen,0.25
GAWL,2025-09-05,1,4,Imagine The Fun,0.2
GAWL,2025-09-05,1,6,Handover,0.2
GAWL,2025-09-03,1,8,3265x South Girls,0.25
GAWL,2025-09-05,1,8,Once A Diva,0.2
GAWL,2025-09-03,2,1,Here Comes Shaka,0.25
GAWL,2025-09-05,2,1,Binnaway Pearl,0.2
GAWL,2025-09-03,2,2,Introduced,0.25
GAWL,2025-09-05,2,2,Toora Gracie,0.2
GAWL,2025-09-05,2,4,Zinfandel Lisa,0.2
GAWL,2025-09-05,2,6,Ouzo And Coke,0.2
GAWL,2025-09-03,2,7,Pat Mustard,0.25
GAWL,2025-09-03,2,8,Stella Swift,0.25
GAWL,2025-09-05,2,8,Myah Miss,0.2
GAWL,2025-09-03,3,1,Oregon Hutan,0.2
GAWL,2025-09-05,3,1,1x465 Fast Headache,0.2
GAWL,2025-09-03,3,2,Sailaway Buddy,0.2
GAWL,2025-09-05,3,2,Air Cruiser,0.2
GAWL,2025-09-03,3,4,Ricki's Burner,0.2
GAWL,2025-09-05,3,4,Aussie Wish,0.2
GAWL,2025-09-03,3,6,Obsession,0.2
GAWL,2025-09-05,3,6,Victory Club,0.2
GAWL,2025-09-03,3,8,Binnaway Mirage,0.2
GAWL,2025-09-05,3,8,Oakvale Cowboy,0.2
GAWL,2025-09-03,4,1,Captain Demi,0.2
GAWL,2025-09-05,4,1,Bang Bang Jack,0.2
GAWL,2025-09-03,4,2,Manner Of Strife,0.2
GAWL,2025-09-05,4,2,Memories Of Rose,0.2
GAWL,2025-09-03,4,4,Diligent,0.2
GAWL,2025-09-05,4,4,Vic Rose,0.2
GAWL,2025-09-03,4,6,Bona Vista,0.2
GAWL,2025-09-05,4,6,Big Chief Size,0.2
GAWL,2025-09-03,4,8,Mazuma Mayhem,0.2
GAWL,2025-09-05,4,8,Jamarra,0.2
GAWL,2025-09-03,5,1,Dark Queen,0.166667
GAWL,2025-09-05,5,1,Adhana Luke,0.166667
GAWL,2025-09-03,5,2,Our Sheralee,0.166667
GAWL,2025-09-05,5,2,Nitro Bolt,0.166667
GAWL,2025-09-03,5,4,Thundering Lady,0.166667
GAWL,2025-09-05,5,4,Hey Sarge,0.166667
GAWL,2025-09-03,5,5,Archer Nine,0.166667
GAWL,2025-09-05,5,5,Jason Rose,0.166667
GAWL,2025-09-03,5,7,Christoff,0.166667
GAWL,2025-09-05,5,7,x1212 Snap The Dragon,0.166667
GAWL,2025-09-03,5,8,Emerald Sprinter,0.166667
GAWL,2025-09-05,5,8,Hayride Warner,0.166667
GAWL,2025-09-03,6,1,Uninviting,0.166667
GAWL,2025-09-05,6,1,Lois Einhorn,0.166667
GAWL,2025-09-03,6,2,Fish To Fry,0.166667
GAWL,2025-09-05,6,2,4x532 Ethanol Unleaded,0.166667
GAWL,2025-09-03,6,4,Bingo Queen,0.166667
GAWL,2025-09-05,6,4,64x24 Starlet Edition,0.166667
GAWL,2025-09-03,6,5,Far Out Lexi,0.166667
GAWL,2025-09-05,6,5,Toora Terry,0.166667
GAWL,2025-09-03,6,7,Plodding Along,0.166667
GAWL,2025-09-05,6,7,422x2 Gravitate,0.166667
GAWL,2025-09-03,6,8,Sir Patrick,0.166667
GAWL,2025-09-05,6,8,Fabulous Boo,0.166667
GAWL,2025-09-03,7,1,Aston Gillon,0.166667
GAWL,2025-09-05,7,1,x3711 Boots,0.142857
GAWL,2025-09-03,7,2,Pagan Witch,0.166667
GAWL,2025-09-05,7,2,Tectonic,0.142857
GAWL,2025-09-05,7,3,Town Stranger,0.142857
GAWL,2025-09-03,7,4,Obliterated,0.166667
GAWL,2025-09-05,7,4,Brooklyn Road,0.142857
GAWL,2025-09-03,7,5,Forgotten Fury,0.166667
GAWL,2025-09-05,7,6,King Fearless,0.142857
GAWL,2025-09-03,7,7,Sebon Bolt,0.166667
GAWL,2025-09-05,7,7,Bo Cruz,0.142857
GAWL,2025-09-03,7,8,Aston Verona,0.166667
GAWL,2025-09-05,7,8,Hunker Down,0.142857
GAWL,2025-09-03,8,1,Shaka Goes Bang,0.166667
GAWL,2025-09-05,8,1,Life's A Bounty,0.125
GAWL,2025-09-03,8,2,Frenzy Attack,0.166667
GAWL,2025-09-05,8,2,Mel Monelli,0.125
GAWL,2025-09-05,8,3,Binnaway Warrior,0.125
GAWL,2025-09-03,8,4,Fantastic Tommy,0.166667
GAWL,2025-09-05,8,4,Disco Zorro,0.125
GAWL,2025-09-03,8,5,Chicken Knight,0.166667
GAWL,2025-09-05,8,5,Alpha Bloke,0.125
GAWL,2025-09-05,8,6,Big Boss Giblet,0.125
GAWL,2025-09-03,8,7,Cobble Giblet,0.166667
GAWL,2025-09-05,8,7,It's Jackie,0.125
GAWL,2025-09-03,8,8,Sebon Disco,0.166667
GAWL,2025-09-05,8,8,Oh Sadie,0.125
GAWL,2025-09-03,9,1,Zirconia Fury,0.166667
GAWL,2025-09-05,9,1,Wreaking Havoc,0.2
GAWL,2025-09-03,9,2,Archer Eleven,0.166667
GAWL,2025-09-05,9,2,Dakota Shine,0.2
GAWL,2025-09-03,9,4,4557x Aunty Dorrie,0.166667
GAWL,2025-09-05,9,4,Home Town,0.2
GAWL,2025-09-03,9,5,He's A Profit,0.166667
GAWL,2025-09-05,9,6,Charlie's Pick,0.2
GAWL,2025-09-03,9,7,Sebon Knight,0.166667
GAWL,2025-09-03,9,8,Antecedent,0.166667
GAWL,2025-09-05,9,8,Dakota Rylen,0.2
GAWL,2025-09-03,10,1,Fire Stone,0.2
GAWL,2025-09-03,10,2,Zipping Elly May,0.2
GAWL,2025-09-03,10,4,Binnaway Wizard,0.2
GAWL,2025-09-03,10,6,2454x Allinga Amy,0.2
GAWL,2025-09-03,10,8,Back To Work,0.2
GRAF,2025-09-02,1,1,7x738 Dixie Elise,0.2
GRAF,2025-09-07,1,2,Jimmy At Geelong,0.2
GRAF,2025-09-02,1,4,Close Talker,0.2
GRAF,2025-09-07,1,4,Dusty Diva,0.2
GRAF,2025-09-02,1,5,x22x3 Together Forever,0.2
GRAF,2025-09-07,1,5,854x2 Lady Lay Lay,0.2
GRAF,2025-09-07,1,6,Bokarm Teddy,0.2
GRAF,2025-09-02,1,7,7x7x8 Badger's Bear,0.2
GRAF,2025-09-02,1,8,Wolfgang,0.2
GRAF,2025-09-07,1,8,Send A Text,0.2
GRAF,2025-09-02,2,1,Matilda's Waltz,0.166667
GRAF,2025-09-07,2,1,8x365 Naval Choice,0.125
GRAF,2025-09-02,2,2,Jimmy At Geelong,0.166667
GRAF,2025-09-07,2,2,Slimy Trout,0.125
GRAF,2025-09-02,2,3,Precious Thing,0.166667
GRAF,2025-09-07,2,3,Haaland,0.125
GRAF,2025-09-02,2,4,Freyja's Girl,0.166667
GRAF,2025-09-07,2,4,Bugatti Step,0.125
GRAF,2025-09-07,2,5,Abbott's Display,0.125
GRAF,2025-09-07,2,6,Love This Bar,0.125
GRAF,2025-09-02,2,7,Cinnamon Swirl,0.166667
GRAF,2025-09-07,2,7,Big Zeal,0.125
GRAF,2025-09-02,2,8,222x1 Flat Chat Jack,0.166667
GRAF,2025-09-07,2,8,x7513 Nev's Frankfurt,0.125
GRAF,2025-09-02,3,1,Lady Veronica,0.166667
GRAF,2025-09-07,3,1,Jack High Lulu,0.125
GRAF,2025-09-02,3,2,Miss Bear,0.166667
GRAF,2025-09-07,3,2,Bokarm Quinn,0.125
GRAF,2025-09-07,3,3,High Score,0.125
GRAF,2025-09-02,3,4,Island Princess,0.166667
GRAF,2025-09-07,3,4,Orson Storm,0.125
GRAF,2025-09-02,3,5,7865x Clara Ivanova,0.166667
GRAF,2025-09-07,3,5,Lenny Large,0.125
GRAF,2025-09-07,3,6,Arctic Bell,0.125
GRAF,2025-09-02,3,7,Bing Bonus,0.166667
GRAF,2025-09-07,3,7,Riverland Son,0.125
GRAF,2025-09-02,3,8,Buddy Bonus,0.166667
GRAF,2025-09-07,3,8,Bugatti Queen,0.125
GRAF,2025-09-02,4,1,6x837 Minh Candy,0.166667
GRAF,2025-09-07,4,1,Quandary,0.125
GRAF,2025-09-02,4,2,Len Tank,0.166667
GRAF,2025-09-07,4,2,Will Conquer,0.125
GRAF,2025-09-07,4,3,843x1 Just Tommy,0.125
GRAF,2025-09-02,4,4,167x7 Carbon Black,0.166667
GRAF,2025-09-07,4,4,Our Miracles,0.125
GRAF,2025-09-02,4,5,Bull Mundy,0.166667
GRAF,2025-09-07,4,5,Sunset Panama,0.125
GRAF,2025-09-07,4,6,55x25 Late For School,0.125
GRAF,2025-09-02,4,7,Destini Eclipse,0.166667
GRAF,2025-09-07,4,7,Full Twist,0.125
GRAF,2025-09-02,4,8,x2817 Watch The Diva,0.166667
GRAF,2025-09-07,4,8,Rhythm And Blues,0.125
GRAF,2025-09-02,5,1,72x55 Hootin' Angel,0.142857
GRAF,2025-09-07,5,1,2x554 Hootin' Angel,0.125
GRAF,2025-09-02,5,2,6x336 Tiny Rambo,0.142857
GRAF,2025-09-07,5,2,Round The Ridges,0.125
GRAF,2025-09-02,5,3,6x838 Sally Bonkers,0.142857
GRAF,2025-09-07,5,3,Billy Butcher,0.125
GRAF,2025-09-02,5,4,Blue Majestic,0.142857
GRAF,2025-09-07,5,4,Lumbar Puncture,0.125
GRAF,2025-09-07,5,5,Great Marlow,0.125
GRAF,2025-09-02,5,6,Rhythm And Blues,0.142857
GRAF,2025-09-07,5,6,Walk Me Daddy,0.125
GRAF,2025-09-02,5,7,Bokarm Quinn,0.142857
GRAF,2025-09-07,5,7,Barefoot Chaos,0.125
GRAF,2025-09-02,5,8,Rana Herrera,0.142857
GRAF,2025-09-07,5,8,Dam Exciting,0.125
GRAF,2025-09-02,6,1,Slimy Trout,0.142857
GRAF,2025-09-07,6,1,Whiskey And Wine,0.125
GRAF,2025-09-02,6,2,Darby Display,0.142857
GRAF,2025-09-07,6,2,Noah's Boy,0.125
GRAF,2025-09-02,6,3,Orson Storm,0.142857
GRAF,2025-09-07,6,3,Bobby Bonus,0.125
GRAF,2025-09-02,6,4,Roger,0.142857
GRAF,2025-09-07,6,4,Blazing Max,0.125
GRAF,2025-09-07,6,5,In The Rhythm,0.125
GRAF,2025-09-02,6,6,On Appeal,0.142857
GRAF,2025-09-07,6,6,Robell Polly,0.125
GRAF,2025-09-02,6,7,x3464 Ever Since,0.142857
GRAF,2025-09-07,6,7,6x127 Georgian Daisy,0.125
GRAF,2025-09-02,6,8,Haaland,0.142857
GRAF,2025-09-07,6,8,Rapid Snip,0.125
GRAF,2025-09-02,7,1,Stilton Miley,0.142857
GRAF,2025-09-07,7,1,Bear The Beast,0.125
GRAF,2025-09-02,7,2,Maxine,0.142857
GRAF,2025-09-07,7,2,Tiny Disco,0.125
GRAF,2025-09-02,7,3,Robell Polly,0.142857
GRAF,2025-09-07,7,3,1x322 Wavy Web Surf,0.125
GRAF,2025-09-02,7,4,She Reacts,0.142857
GRAF,2025-09-07,7,4,58f62 Lisa's Vogue,0.125
GRAF,2025-09-07,7,5,6553x Sweeping,0.125
GRAF,2025-09-02,7,6,Exonerate,0.142857
GRAF,2025-09-07,7,6,Darby Display,0.125
GRAF,2025-09-02,7,7,Arctic Bell,0.142857
GRAF,2025-09-07,7,7,76x88 Majestic Zeal,0.125
GRAF,2025-09-02,7,8,Abbott's Display,0.142857
GRAF,2025-09-07,7,8,Looks A Picture,0.125
GRAF,2025-09-02,8,1,Great Marlow,0.142857
GRAF,2025-09-07,8,1,Goal Kicker,0.125
GRAF,2025-09-02,8,2,16x15 Big Buckets,0.142857
GRAF,2025-09-07,8,2,Dynamic Rebel,0.125
GRAF,2025-09-02,8,3,Dynamic Rebel,0.142857
GRAF,2025-09-07,8,3,Stilton Miley,0.125
GRAF,2025-09-02,8,4,High Score,0.142857
GRAF,2025-09-07,8,4,Orara Doug,0.125
GRAF,2025-09-07,8,5,Majestic Jojo,0.125
GRAF,2025-09-02,8,6,Rapid Snip,0.142857
GRAF,2025-09-07,8,6,Brodies Tiger,0.125
GRAF,2025-09-02,8,7,Lumbar Puncture,0.142857
GRAF,2025-09-07,8,7,Annihilating,0.125
GRAF,2025-09-02,8,8,Sunset Panama,0.142857
GRAF,2025-09-07,8,8,Roger,0.125
GRAF,2025-09-02,9,1,Reel 'Em Zena,0.142857
GRAF,2025-09-07,9,1,Miss Blue Blaze,0.142857
GRAF,2025-09-02,9,2,66x12 Georgian Daisy,0.142857
GRAF,2025-09-07,9,2,Why A MacIe,0.142857
GRAF,2025-09-02,9,3,Billy Butcher,0.142857
GRAF,2025-09-07,9,3,Reel'em George,0.142857
GRAF,2025-09-02,9,4,Madrid,0.142857
GRAF,2025-09-07,9,4,Heroic Federer,0.142857
GRAF,2025-09-02,9,6,Our Miracles,0.142857
GRAF,2025-09-07,9,6,My Warrior,0.142857
GRAF,2025-09-02,9,7,636x3 Dazzle Darling,0.142857
GRAF,2025-09-07,9,7,Lady Jacqueline,0.142857
GRAF,2025-09-02,9,8,384x5 Bokarm Flash,0.142857
GRAF,2025-09-07,9,8,Rainbow Blue,0.142857
GRAF,2025-09-02,10,1,Thai Princess,0.125
GRAF,2025-09-07,10,1,Benny Trick,0.142857
GRAF,2025-09-02,10,2,Blazing Max,0.125
GRAF,2025-09-07,10,2,222x1 Flat Chat Jack,0.142857
GRAF,2025-09-02,10,3,65x38 On The Nod,0.125
GRAF,2025-09-07,10,3,Tylan Charles,0.142857
GRAF,2025-09-02,10,4,Kingsbrae Fred,0.125
GRAF,2025-09-07,10,4,Fire Motto,0.142857
GRAF,2025-09-02,10,5,Most Determined,0.125
GRAF,2025-09-02,10,6,In The Rhythm,0.125
GRAF,2025-09-07,10,6,Miss Bear,0.142857
GRAF,2025-09-02,10,7,Lil Pocket's,0.125
GRAF,2025-09-07,10,7,Wiggle On,0.142857
GRAF,2025-09-02,10,8,Broom Broom,0.125
GRAF,2025-09-07,10,8,Phantom Romeo,0.142857
GRAF,2025-09-02,11,1,My Reputation,0.125
GRAF,2025-09-07,11,1,She Lies Easy,0.166667
GRAF,2025-09-02,11,2,411x3 Milligan,0.125
GRAF,2025-09-07,11,2,Blue Majestic,0.166667
GRAF,2025-09-02,11,3,Albert's Memory,0.125
GRAF,2025-09-02,11,4,Glenreagh Burner,0.125
GRAF,2025-09-07,11,4,7x757 My Frankenstein,0.166667
GRAF,2025-09-02,11,5,Rocky Pepper,0.125
GRAF,2025-09-07,11,5,Bentley Fisher,0.166667
GRAF,2025-09-02,11,6,13x73 Here Today,0.125
GRAF,2025-09-02,11,7,Johnny Red,0.125
GRAF,2025-09-07,11,7,Lil Pocket's,0.166667
GRAF,2025-09-02,11,8,Unquenchable,0.125
GRAF,2025-09-07,11,8,Miss Me,0.166667
HEAL,2025-09-07,1,1,Wild Venus,0.125
HEAL,2025-09-07,1,2,Lainey Jane,0.125
HEAL,2025-09-03,1,3,458x Warrior Elfie,0.166667
HEAL,2025-09-07,1,3,Redgum Wars,0.125
HEAL,2025-09-03,1,4,Guacamole Irish,0.166667
HEAL,2025-09-07,1,4,Jobs On,0.125
HEAL,2025-09-03,1,5,Be Gracious,0.166667
HEAL,2025-09-07,1,5,Despicable Andy,0.125
HEAL,2025-09-03,1,6,Be A Secret,0.166667
HEAL,2025-09-05,1,6,445x7 Whatever It Is,0.5
HEAL,2025-09-07,1,6,141x7 Zinzan Sammy,0.125
HEAL,2025-09-03,1,7,3633x Warrior Lisa,0.166667
HEAL,2025-09-05,1,7,Little Splinter,0.5
HEAL,2025-09-07,1,7,Choji Akimichi,0.125
HEAL,2025-09-03,1,8,Audacious Chief,0.166667
HEAL,2025-09-07,1,8,Donegal Express,0.125
HEAL,2025-09-03,2,1,Bruree Pat,0.125
HEAL,2025-09-07,2,1,Aston Michigan,0.125
HEAL,2025-09-03,2,2,Hanna's Avatar,0.125
HEAL,2025-09-07,2,2,Kill Your Smile,0.125
HEAL,2025-09-03,2,3,Why Not Hayden,0.125
HEAL,2025-09-07,2,3,7x1x5 After The Siren,0.125
HEAL,2025-09-03,2,4,Classy Dancer,0.125
HEAL,2025-09-07,2,4,Play Lab,0.125
HEAL,2025-09-03,2,5,7x682 Cracked Gem,0.125
HEAL,2025-09-07,2,5,King Cherry,0.125
HEAL,2025-09-03,2,6,Warrior Tommy,0.125
HEAL,2025-09-07,2,6,Scott Influence,0.125
HEAL,2025-09-03,2,7,Maisey Mary,0.125
HEAL,2025-09-07,2,7,Braemar Elsie,0.125
HEAL,2025-09-03,2,8,Herbie,0.125
HEAL,2025-09-07,2,8,Make Me King,0.125
HEAL,2025-09-03,3,1,Aston Fulham,0.125
HEAL,2025-09-07,3,1,3x214 Lambrick Road,0.142857
HEAL,2025-09-03,3,2,Sturgis,0.125
HEAL,2025-09-07,3,2,Riversdale Mick,0.142857
HEAL,2025-09-03,3,3,Jewel Magic,0.125
HEAL,2025-09-07,3,3,Augustus Finch,0.142857
HEAL,2025-09-03,3,4,465x1 King Of Kindred,0.125
HEAL,2025-09-07,3,4,Zipping Gryllis,0.142857
HEAL,2025-09-03,3,5,Blue Skylark,0.125
HEAL,2025-09-03,3,6,Ella Audacious,0.125
HEAL,2025-09-07,3,6,Got Flair,0.142857
HEAL,2025-09-03,3,7,8368x How High Conga,0.125
HEAL,2025-09-07,3,7,Posh Paws,0.142857
HEAL,2025-09-03,3,8,Princess Domi,0.125
HEAL,2025-09-05,3,8,Awe Well,1.0
HEAL,2025-09-07,3,8,Mepunga Rocky,0.142857
HEAL,2025-09-03,4,1,Maryvale Girl,0.125
HEAL,2025-09-07,4,1,High End Cash,0.142857
HEAL,2025-09-03,4,2,Classy Mustang,0.125
HEAL,2025-09-05,4,2,Pink Gin,1.0
HEAL,2025-09-07,4,2,Paw Waldo,0.142857
HEAL,2025-09-03,4,3,Waltzing Diablo,0.125
HEAL,2025-09-07,4,3,Matchbox Beast,0.142857
HEAL,2025-09-03,4,4,Waltzing Aurora,0.125
HEAL,2025-09-07,4,4,Saxon Kelton,0.142857
HEAL,2025-09-03,4,5,Zinzan Holly,0.125
HEAL,2025-09-03,4,6,Can't Ignore Her,0.125
HEAL,2025-09-07,4,6,Giacomo,0.142857
HEAL,2025-09-03,4,7,Lose My Number,0.125
HEAL,2025-09-07,4,7,Highly Abrasive,0.142857
HEAL,2025-09-03,4,8,Boston Legal,0.125
HEAL,2025-09-07,4,8,Hail The Chief,0.142857
HEAL,2025-09-03,5,1,Choji Akimichi,0.125
HEAL,2025-09-05,5,1,Rapidfire Jayda,0.125
HEAL,2025-09-07,5,1,Luxford,0.125
HEAL,2025-09-03,5,2,Inter Cyborg,0.125
HEAL,2025-09-05,5,2,Redgum Wars,0.125
HEAL,2025-09-07,5,2,My Name's Eden,0.125
HEAL,2025-09-03,5,3,Bravado,0.125
HEAL,2025-09-05,5,3,Jaicos,0.125
HEAL,2025-09-07,5,3,Papa Easy,0.125
HEAL,2025-09-03,5,4,5f761 Superfly Girl,0.125
HEAL,2025-09-05,5,4,Matchbox Honey,0.125
HEAL,2025-09-07,5,4,1x123 Winking Willie,0.125
HEAL,2025-09-03,5,5,Sonia's Beauty,0.125
HEAL,2025-09-05,5,5,155f4 Bullseye Bob,0.125
HEAL,2025-09-07,5,5,Kurnai Bolt,0.125
HEAL,2025-09-03,5,6,All In Ollie,0.125
HEAL,2025-09-05,5,6,Cruella,0.125
HEAL,2025-09-07,5,6,Natalie Bale,0.125
HEAL,2025-09-03,5,7,Rolling Coal,0.125
HEAL,2025-09-05,5,7,Motivate,0.125
HEAL,2025-09-07,5,7,Shorty Boy,0.125
HEAL,2025-09-03,5,8,Big Trucker,0.125
HEAL,2025-09-05,5,8,74x35 Sonic Diesel,0.125
HEAL,2025-09-07,5,8,Typhoon Baylee,0.125
HEAL,2025-09-03,6,1,Shock And Awe,0.125
HEAL,2025-09-05,6,1,King Cherry,0.125
HEAL,2025-09-07,6,1,Fernando Phil,0.125
HEAL,2025-09-03,6,2,King Plum,0.125
HEAL,2025-09-05,6,2,Max Pearl,0.125
HEAL,2025-09-07,6,2,6x1x4 Magic Western,0.125
HEAL,2025-09-03,6,3,Iron Blood,0.125
HEAL,2025-09-05,6,3,Roscoe Bale,0.125
HEAL,2025-09-07,6,3,Solicit,0.125
HEAL,2025-09-03,6,4,Wild Venus,0.125
HEAL,2025-09-05,6,4,Winning Ratio,0.125
HEAL,2025-09-07,6,4,Flying Doormat,0.125
HEAL,2025-09-03,6,5,Canya Wildfire,0.125
HEAL,2025-09-05,6,5,Evil Eye,0.125
HEAL,2025-09-07,6,5,4f113 Panama Rhode,0.125
HEAL,2025-09-03,6,6,Hard Press,0.125
HEAL,2025-09-05,6,6,Chill Out Plate,0.125
HEAL,2025-09-07,6,6,Raining Fire,0.125
HEAL,2025-09-03,6,7,8x323 Not Forgiven,0.125
HEAL,2025-09-05,6,7,Sun In Cuba,0.125
HEAL,2025-09-07,6,7,Serial Sticker,0.125
HEAL,2025-09-03,6,8,Excavator Ticket,0.125
HEAL,2025-09-05,6,8,6647x Shima Ballad,0.125
HEAL,2025-09-07,6,8,44x41 Knee Deep,0.125
HEAL,2025-09-03,7,1,Cathy's Dream,0.125
HEAL,2025-09-05,7,1,Highgate Franky,0.166667
HEAL,2025-09-07,7,1,Be A Shadow,0.125
HEAL,2025-09-03,7,2,68x78 Noir Satin,0.125
HEAL,2025-09-05,7,2,Diplomat,0.166667
HEAL,2025-09-07,7,2,Aston Monarchy,0.125
HEAL,2025-09-03,7,3,Blame Esmeralda,0.125
HEAL,2025-09-05,7,3,Jolly Old Mac,0.166667
HEAL,2025-09-07,7,3,8x185 Happy Chick,0.125
HEAL,2025-09-03,7,4,Rowdy's Beast,0.125
HEAL,2025-09-07,7,4,Aston Warrior,0.125
HEAL,2025-09-03,7,5,Destini Paladin,0.125
HEAL,2025-09-05,7,5,Caco Missile,0.166667
HEAL,2025-09-07,7,5,Sailaway Gin,0.125
HEAL,2025-09-03,7,6,Astronomica,0.125
HEAL,2025-09-07,7,6,Head Hunter,0.125
HEAL,2025-09-03,7,7,Aston Honcho,0.125
HEAL,2025-09-05,7,7,Bub Who,0.166667
HEAL,2025-09-07,7,7,Zinzan Plodder,0.125
HEAL,2025-09-03,7,8,Blonde Mustang,0.125
HEAL,2025-09-05,7,8,Yeah You,0.166667
HEAL,2025-09-07,7,8,352x4 Seagull Rock,0.125
HEAL,2025-09-03,8,1,Princess Lass,0.125
HEAL,2025-09-05,8,1,King Matteo,0.125
HEAL,2025-09-07,8,1,4434x Levi Design,0.142857
HEAL,2025-09-03,8,2,Braemar Molly,0.125
HEAL,2025-09-05,8,2,Sweet Nugget,0.125
HEAL,2025-09-07,8,2,x4413 Mepunga Shine,0.142857
HEAL,2025-09-03,8,3,Handsome Ratio,0.125
HEAL,2025-09-05,8,3,54x22 Oliver Kelton,0.125
HEAL,2025-09-07,8,3,Catch Some Rays,0.142857
HEAL,2025-09-03,8,4,White Shiraz,0.125
HEAL,2025-09-05,8,4,Firing Chief,0.125
HEAL,2025-09-07,8,4,Nambrok Nick,0.142857
HEAL,2025-09-03,8,5,Canny Lass,0.125
HEAL,2025-09-05,8,5,x7316 Waltzing Brute,0.125
HEAL,2025-09-03,8,6,Buffalo Cowboy,0.125
HEAL,2025-09-05,8,6,Paw Waldo,0.125
HEAL,2025-09-07,8,6,Mile A Minute,0.142857
HEAL,2025-09-03,8,7,Jonathan's Dream,0.125
HEAL,2025-09-05,8,7,Kramer's King,0.125
HEAL,2025-09-07,8,7,1f411 Cookie Man,0.142857
HEAL,2025-09-03,8,8,Thai Butterfly,0.125
HEAL,2025-09-05,8,8,Zinzan Charlie,0.125
HEAL,2025-09-07,8,8,Burn Along,0.142857
HEAL,2025-09-03,9,1,6773x Chasing Sunset,0.125
HEAL,2025-09-07,9,1,Be A Cowboy,0.125
HEAL,2025-09-03,9,2,Mia Sienna,0.125
HEAL,2025-09-07,9,2,Yeah You,0.125
HEAL,2025-09-03,9,3,Tricky Riddles,0.125
HEAL,2025-09-07,9,3,Thermal Ignition,0.125
HEAL,2025-09-03,9,4,Smooth Prince,0.125
HEAL,2025-09-05,9,4,Alzetta,0.5
HEAL,2025-09-07,9,4,Be You,0.125
HEAL,2025-09-03,9,5,Taryn's Blue,0.125
HEAL,2025-09-05,9,5,3x334 Storms Will Roll,0.5
HEAL,2025-09-07,9,5,Magic Loki,0.125
HEAL,2025-09-03,9,6,241x8 Tsu'tey,0.125
HEAL,2025-09-07,9,6,Especial Kai,0.125
HEAL,2025-09-03,9,7,6188x Tilly Girl,0.125
HEAL,2025-09-07,9,7,Phoenix Tan,0.125
HEAL,2025-09-03,9,8,Glorious Glory,0.125
HEAL,2025-09-07,9,8,Bruree Pat,0.125
HEAL,2025-09-03,10,1,Swooping Swan,0.125
HEAL,2025-09-05,10,1,Sweet Valentine,0.125
HEAL,2025-09-07,10,1,Chavero,0.125
HEAL,2025-09-03,10,2,Full On Aileen,0.125
HEAL,2025-09-05,10,2,Sir Capulet,0.125
HEAL,2025-09-07,10,2,11x22 Matt Loch,0.125
HEAL,2025-09-03,10,3,Uno Peanut,0.125
HEAL,2025-09-05,10,3,Myall Jack,0.125
HEAL,2025-09-07,10,3,Short Straw Trev,0.125
HEAL,2025-09-03,10,4,53x46 Firebird Flyer,0.125
HEAL,2025-09-05,10,4,2758x Dinosaur Deano,0.125
HEAL,2025-09-07,10,4,x1115 Canya Tornado,0.125
HEAL,2025-09-03,10,5,Donegal Express,0.125
HEAL,2025-09-05,10,5,3543x Fast Love,0.125
HEAL,2025-09-07,10,5,Talk Is Cheap,0.125
HEAL,2025-09-03,10,6,766x7 Lektra Fred,0.125
HEAL,2025-09-05,10,6,Electra Opal,0.125
HEAL,2025-09-07,10,6,Prison Break,0.125
HEAL,2025-09-03,10,7,Western Feel,0.125
HEAL,2025-09-05,10,7,Cheap Red Wine,0.125
HEAL,2025-09-07,10,7,Tarawi Therese,0.125
HEAL,2025-09-03,10,8,New Arrangement,0.125
HEAL,2025-09-05,10,8,Little Jack Finn,0.125
HEAL,2025-09-07,10,8,Aston Fantastic,0.125
HEAL,2025-09-03,11,1,Point The Finger,0.125
HEAL,2025-09-05,11,1,Barkly Street,0.142857
HEAL,2025-09-07,11,1,Mike Angelo Zeal,0.125
HEAL,2025-09-03,11,2,3460x Hartland Prince,0.125
HEAL,2025-09-05,11,2,Lamia Wheeze,0.142857
HEAL,2025-09-07,11,2,Raging Storm,0.125
HEAL,2025-09-03,11,3,Why Not Emily,0.125
HEAL,2025-09-07,11,3,Dishy Di,0.125
HEAL,2025-09-03,11,4,Audacious Ivy,0.125
HEAL,2025-09-05,11,4,Head Hunter,0.142857
HEAL,2025-09-07,11,4,Paw Xabia,0.125
HEAL,2025-09-03,11,5,Why Not Ajay,0.125
HEAL,2025-09-05,11,5,Pia Bella,0.142857
HEAL,2025-09-07,11,5,Mums Pearl,0.125
HEAL,2025-09-03,11,6,Braemar Elsie,0.125
HEAL,2025-09-05,11,6,638x3 Fast Legs,0.142857
HEAL,2025-09-07,11,6,311x1 Spot Fox,0.125
HEAL,2025-09-03,11,7,Zippi Mustang,0.125
HEAL,2025-09-05,11,7,30x53 Sailplane,0.142857
HEAL,2025-09-07,11,7,Midnight In Sale,0.125
HEAL,2025-09-03,11,8,Aeroplane Fury,0.125
HEAL,2025-09-05,11,8,1x576 Ubiquitous,0.142857
HEAL,2025-09-07,11,8,Peaky Avenger,0.125
HEAL,2025-09-03,12,1,Slingshot Penny,0.142857
HEAL,2025-09-05,12,1,Path To Nirvana,0.125
HEAL,2025-09-07,12,1,Lakeview Lass,0.125
HEAL,2025-09-03,12,2,5474f Hartland Duke,0.142857
HEAL,2025-09-05,12,2,1x688 Aston Jalapeno,0.125
HEAL,2025-09-07,12,2,Glorious Glory,0.125
HEAL,2025-09-05,12,3,Why Not Ava,0.125
HEAL,2025-09-07,12,3,Wandana Lad,0.125
HEAL,2025-09-03,12,4,Champions,0.142857
HEAL,2025-09-05,12,4,Why Not Barney,0.125
HEAL,2025-09-07,12,4,27x65 Son Of Cindy,0.125
HEAL,2025-09-03,12,5,Johnny's Revenge,0.142857
HEAL,2025-09-05,12,5,Daintree Damage,0.125
HEAL,2025-09-07,12,5,3457x Chip And Tail,0.125
HEAL,2025-09-03,12,6,Applicant,0.142857
HEAL,2025-09-05,12,6,11x34 Valletta Flash,0.125
HEAL,2025-09-07,12,6,5x188 Bear Lee Bandit,0.125
HEAL,2025-09-03,12,7,Rooster Legs,0.142857
HEAL,2025-09-05,12,7,Full Of Fun,0.125
HEAL,2025-09-07,12,7,Simply Stylish,0.125
HEAL,2025-09-03,12,8,Perfect Revenge,0.142857
HEAL,2025-09-05,12,8,Daintree Dazzler,0.125
HEAL,2025-09-07,12,8,Prestia,0.125
QSTR,2025-09-01,1,1,Velocity Yin,0.125
QSTR,2025-09-04,1,1,Tempo And Touch,0.166667
QSTR,2025-09-08,1,1,Doongalla Pedro,0.125
QSTR,2025-09-01,1,2,648x4 Outlaw Nancy,0.125
QSTR,2025-09-04,1,2,Strong Boy,0.166667
QSTR,2025-09-07,1,2,Strong Boy,0.2
QSTR,2025-09-08,1,2,Oscar Thea,0.125
QSTR,2025-09-01,1,3,28x84 Archie Trick,0.125
QSTR,2025-09-04,1,3,Furious Rage,0.166667
QSTR,2025-09-07,1,3,Speedy Sprinkles,0.2
QSTR,2025-09-08,1,3,8x846 Archie Trick,0.125
QSTR,2025-09-01,1,4,265x1 Cake Is Great,0.125
QSTR,2025-09-04,1,4,3777x Jack And You,0.166667
QSTR,2025-09-07,1,4,Typhoon Tahlia,0.2
QSTR,2025-09-08,1,4,Bad Boy Elvis,0.125
QSTR,2025-09-01,1,5,Goldstar Summer,0.125
QSTR,2025-09-08,1,5,She's Bubbles,0.125
QSTR,2025-09-01,1,6,Roscoe Ray,0.125
QSTR,2025-09-04,1,6,Not The Deputy,0.166667
QSTR,2025-09-07,1,6,Paloma Princess,0.2
QSTR,2025-09-08,1,6,48x48 Outlaw Nancy,0.125
QSTR,2025-09-01,1,7,Percy Two,0.125
QSTR,2025-09-07,1,7,Bubba's Tyrant,0.2
QSTR,2025-09-08,1,7,Crickle Owl Vic,0.125
QSTR,2025-09-01,1,8,Where's The Bomb,0.125
QSTR,2025-09-04,1,8,Clear Breeze,0.166667
QSTR,2025-09-08,1,8,Disco Ethics,0.125
QSTR,2025-09-01,2,1,Scout Bobber,0.125
QSTR,2025-09-04,2,1,740x5 Kiss And Cuddle,0.2
QSTR,2025-09-08,2,1,Early Mission,0.125
QSTR,2025-09-01,2,2,3516x Man On Fire,0.125
QSTR,2025-09-04,2,2,4x232 Bogie Becker,0.2
QSTR,2025-09-07,2,2,Wrong Side Up,0.2
QSTR,2025-09-08,2,2,Percy Two,0.125
QSTR,2025-09-01,2,3,5773x Wild Dash Zip,0.125
QSTR,2025-09-04,2,3,73x7 Wise Style,0.2
QSTR,2025-09-08,2,3,65x54 Cosmic Space,0.125
QSTR,2025-09-01,2,4,x6378 Nosey Marie,0.125
QSTR,2025-09-07,2,4,Jack Is Back,0.2
QSTR,2025-09-08,2,4,Another Photo,0.125
QSTR,2025-09-01,2,5,Jagger's Jam,0.125
QSTR,2025-09-04,2,5,Lacey Joy,0.2
QSTR,2025-09-07,2,5,68x75 Ivy Moo Moo,0.2
QSTR,2025-09-08,2,5,Oxidisation,0.125
QSTR,2025-09-01,2,6,Phantom Peeler,0.125
QSTR,2025-09-07,2,6,x2321 Bogie Becker,0.2
QSTR,2025-09-08,2,6,x7376 Penny's Prince,0.125
QSTR,2025-09-01,2,7,5x476 Glass Bullet,0.125
QSTR,2025-09-04,2,7,3778x Petite Gal,0.2
QSTR,2025-09-08,2,7,Ricky Bobby,0.125
QSTR,2025-09-01,2,8,Cliff Clavin,0.125
QSTR,2025-09-07,2,8,Clear Breeze,0.2
QSTR,2025-09-08,2,8,Minter Honour,0.125
QSTR,2025-09-04,3,1,1x67x Prince Amarok,0.166667
QSTR,2025-09-07,3,1,Bogie Nicole,0.2
QSTR,2025-09-04,3,2,Fly Apart,0.166667
QSTR,2025-09-04,3,3,Big Nate,0.166667
QSTR,2025-09-07,3,3,Millie Moo Moo,0.2
QSTR,2025-09-04,3,4,Specifically,0.166667
QSTR,2025-09-07,3,6,Quite Sinister,0.2
QSTR,2025-09-04,3,7,Barry The Boss,0.166667
QSTR,2025-09-07,3,7,Polly's Vibe,0.2
QSTR,2025-09-04,3,8,Boom Boom Bernie,0.166667
QSTR,2025-09-07,3,8,Roof Rattler,0.2
QSTR,2025-09-04,4,1,1x654 Sassy Vixen,0.142857
QSTR,2025-09-07,4,1,40x56 Kiss And Cuddle,0.142857
QSTR,2025-09-04,4,2,Cabarita Beach,0.142857
QSTR,2025-09-07,4,2,Sirius Melita,0.142857
QSTR,2025-09-04,4,3,Shy Hi,0.142857
QSTR,2025-09-07,4,3,Lacey Joy,0.142857
QSTR,2025-09-07,4,4,Birds The Word,0.142857
QSTR,2025-09-04,4,5,Tiny Rocket,0.142857
QSTR,2025-09-07,4,5,Tempo And Touch,0.142857
QSTR,2025-09-04,4,6,x7462 Lagniappe,0.142857
QSTR,2025-09-07,4,6,5864x Stay The Rage,0.142857
QSTR,2025-09-04,4,7,78x64 Tiny But Potent,0.142857
QSTR,2025-09-04,4,8,688x2 Pretty In Pink,0.142857
QSTR,2025-09-07,4,8,Zabdon Miracle,0.142857
QSTR,2025-09-04,5,1,Perfect Pose,0.142857
QSTR,2025-09-07,5,1,Brodie And Me,0.125
QSTR,2025-09-04,5,2,x7x21 Scotch On Ice,0.142857
QSTR,2025-09-07,5,2,King Moses,0.125
QSTR,2025-09-04,5,3,Bogie Nicole,0.142857
QSTR,2025-09-07,5,3,Zabdon Blondie,0.125
QSTR,2025-09-04,5,4,Craven,0.142857
QSTR,2025-09-07,5,4,Batman Returns,0.125
QSTR,2025-09-04,5,5,Tibetan Belle,0.142857
QSTR,2025-09-07,5,5,73x66 Spitfire Marcy,0.125
QSTR,2025-09-04,5,6,Strikes Twice,0.142857
QSTR,2025-09-07,5,6,Remember Pal,0.125
QSTR,2025-09-04,5,7,8x7x3 Wise Rico,0.142857
QSTR,2025-09-07,5,7,Quarter Share,0.125
QSTR,2025-09-07,5,8,Missy Moo Moo,0.125
QSTR,2025-09-04,6,1,Lightning Reece,0.125
QSTR,2025-09-07,6,1,x6544 Sassy Vixen,0.125
QSTR,2025-09-04,6,2,Blue Serenade,0.125
QSTR,2025-09-07,6,2,8x648 Tiny But Potent,0.125
QSTR,2025-09-04,6,3,Sunset Dreaming,0.125
QSTR,2025-09-07,6,3,x6778 Let Them Be,0.125
QSTR,2025-09-04,6,4,Sarah's Price,0.125
QSTR,2025-09-07,6,4,Noaki Sea Breeze,0.125
QSTR,2025-09-04,6,5,45x74 Aussie Sands,0.125
QSTR,2025-09-07,6,5,8326x Quite Divine,0.125
QSTR,2025-09-04,6,6,845x6 Vanzant Hayze,0.125
QSTR,2025-09-07,6,6,Bombastic Lola,0.125
QSTR,2025-09-04,6,7,6x538 Extreme Malt,0.125
QSTR,2025-09-07,6,7,x8644 Tuta Timeline,0.125
QSTR,2025-09-04,6,8,484x5 High Geared,0.125
QSTR,2025-09-07,6,8,743x1 Dump The Clutch,0.125
QSTR,2025-09-04,7,1,6x661 Please Clarify,0.125
QSTR,2025-09-07,7,1,88x27 Pretty In Pink,0.125
QSTR,2025-09-04,7,2,Percy Two,0.125
QSTR,2025-09-07,7,2,Bentley Moana,0.125
QSTR,2025-09-04,7,3,Rockin' Hillside,0.125
QSTR,2025-09-07,7,3,Farmor Defiant,0.125
QSTR,2025-09-04,7,4,Strong Liquor,0.125
QSTR,2025-09-07,7,4,Shadow Raven,0.125
QSTR,2025-09-04,7,5,Ray's Attack,0.125
QSTR,2025-09-07,7,5,Asawa Baby,0.125
QSTR,2025-09-04,7,6,Princess Darcy,0.125
QSTR,2025-09-07,7,6,Tiny Rocket,0.125
QSTR,2025-09-04,7,7,Ellie's Lad,0.125
QSTR,2025-09-07,7,7,Lady Felicia,0.125
QSTR,2025-09-04,7,8,Too Hot,0.125
QSTR,2025-09-07,7,8,Katie Cuddles,0.125
QSTR,2025-09-04,8,1,748x6 Out Of Time,0.125
QSTR,2025-09-07,8,1,86x74 Groovy Georgie,0.125
QSTR,2025-09-04,8,2,7x137 Queen Lily,0.125
QSTR,2025-09-07,8,2,Black Harada,0.125
QSTR,2025-09-04,8,3,113x4 Rousey Hayze,0.125
QSTR,2025-09-07,8,3,Lakoda Wombat,0.125
QSTR,2025-09-04,8,4,Surf Size Queen,0.125
QSTR,2025-09-07,8,4,Exhibit,0.125
QSTR,2025-09-04,8,5,Whiskey Sipper,0.125
QSTR,2025-09-07,8,5,7x884 It's My Cash,0.125
QSTR,2025-09-04,8,6,Kalina Pearl,0.125
QSTR,2025-09-07,8,6,She's A Mystery,0.125
QSTR,2025-09-04,8,7,Bizzaro Boy,0.125
QSTR,2025-09-07,8,7,Witchetty Grub,0.125
QSTR,2025-09-04,8,8,Black Raspberry,0.125
QSTR,2025-09-07,8,8,I'm Lucky,0.125
QSTR,2025-09-04,9,1,Salute,0.125
QSTR,2025-09-07,9,1,Go Gracie Go,0.125
QSTR,2025-09-04,9,2,Mark Jett Power,0.125
QSTR,2025-09-07,9,2,Sirius Emily,0.125
QSTR,2025-09-04,9,3,Shevchenko Hayze,0.125
QSTR,2025-09-07,9,3,Solar Flare,0.125
QSTR,2025-09-04,9,4,Padova,0.125
QSTR,2025-09-07,9,4,Zabdon Justice,0.125
QSTR,2025-09-04,9,5,Zipper Cash,0.125
QSTR,2025-09-07,9,5,265x5 Making Memories,0.125
QSTR,2025-09-04,9,6,Go The Blues,0.125
QSTR,2025-09-07,9,6,Blue Machine,0.125
QSTR,2025-09-04,9,7,Lavana Lee,0.125
QSTR,2025-09-07,9,7,Go Blanchett Go,0.125
QSTR,2025-09-04,9,8,Give Me Bucks,0.125
QSTR,2025-09-07,9,8,Minh Sonny,0.125
QSTR,2025-09-04,10,1,Maximum Ace,0.125
QSTR,2025-09-07,10,1,371x2 Workman Like,0.125
QSTR,2025-09-04,10,2,Bush Bouquet,0.125
QSTR,2025-09-07,10,2,Perky Penny,0.125
QSTR,2025-09-04,10,3,Take Over Haze,0.125
QSTR,2025-09-07,10,3,Disorderly,0.125
QSTR,2025-09-04,10,4,He Is Demetrious,0.125
QSTR,2025-09-07,10,4,She's A Ladette,0.125
QSTR,2025-09-04,10,5,Finnis Bale,0.125
QSTR,2025-09-07,10,5,x5x21 Showtime Caesar,0.125
QSTR,2025-09-04,10,6,Our Boy Chopper,0.125
QSTR,2025-09-07,10,6,65x11 Cake Is Great,0.125
QSTR,2025-09-04,10,7,Ace Diva,0.125
QSTR,2025-09-07,10,7,x3111 Tuta Interval,0.125
QSTR,2025-09-04,10,8,Showtime Donald,0.125
QSTR,2025-09-07,10,8,Mega Move,0.125
QSTR,2025-09-04,11,1,Havoc,0.125
QSTR,2025-09-07,11,1,Tea Sea Gem,0.125
QSTR,2025-09-04,11,2,Tuki Beach,0.125
QSTR,2025-09-07,11,2,72x47 Pirate Patchy,0.125
QSTR,2025-09-04,11,3,Roisin Imitated,0.125
QSTR,2025-09-07,11,3,Pocket Banfield,0.125
QSTR,2025-09-04,11,4,Kisses For Me,0.125
QSTR,2025-09-07,11,4,Noaki Uno,0.125
QSTR,2025-09-04,11,5,Super Sequioa,0.125
QSTR,2025-09-07,11,5,546x2 Ibrox McCoist,0.125
QSTR,2025-09-04,11,6,Where's My Star,0.125
QSTR,2025-09-07,11,6,Sirius Max,0.125
QSTR,2025-09-04,11,7,6x313 Commander Sarge,0.125
QSTR,2025-09-07,11,7,Divorce Papers,0.125
QSTR,2025-09-04,11,8,Bardwell,0.125
QSTR,2025-09-07,11,8,Tuta Endless,0.125
QSTR,2025-09-04,12,1,Hollow Hayze,0.125
QSTR,2025-09-07,12,1,Lavana Lee,0.125
QSTR,2025-09-04,12,2,Polly's Jester,0.125
QSTR,2025-09-07,12,2,Wally's Boy,0.125
QSTR,2025-09-04,12,3,266x7 Agent Spaghetti,0.125
QSTR,2025-09-07,12,3,Rhino's Dreaming,0.125
QSTR,2025-09-04,12,4,Julane Ava,0.125
QSTR,2025-09-07,12,4,Nosey Marie,0.125
QSTR,2025-09-04,12,5,Beautify,0.125
QSTR,2025-09-07,12,5,Just Released,0.125
QSTR,2025-09-04,12,6,Definitive Miss,0.125
QSTR,2025-09-07,12,6,Pennant Player,0.125
QSTR,2025-09-04,12,7,Cuban Rhythm,0.125
QSTR,2025-09-07,12,7,Ellen Rose,0.125
QSTR,2025-09-04,12,8,Dashing Turbo,0.125
QSTR,2025-09-07,12,8,628x4 Leaving Now,0.125
RICH,2025-09-05,1,1,Fantastic Wilma,0.166667
RICH,2025-09-03,1,2,x2427 Bobby Junior,0.25
RICH,2025-09-05,1,2,Glimmer Girl,0.166667
RICH,2025-09-07,1,2,Lock Star,0.25
RICH,2025-09-03,1,3,McCathery,0.25
RICH,2025-09-05,1,3,Rosacky Sky,0.166667
RICH,2025-09-07,1,3,Karoona Kid,0.25
RICH,2025-09-05,1,5,x87x0 Knighted Nuke,0.166667
RICH,2025-09-03,1,6,Aorta,0.25
RICH,2025-09-05,1,6,x768x Paw Ricochet,0.166667
RICH,2025-09-07,1,6,Turbo Todd,0.25
RICH,2025-09-03,1,7,26x44 Zipping Nebula,0.25
RICH,2025-09-05,1,8,2x766 Megalong Girl,0.166667
RICH,2025-09-07,1,8,Red Shoestring,0.25
RICH,2025-09-03,2,1,Lock Star,0.142857
RICH,2025-09-05,2,1,Chantane,0.142857
RICH,2025-09-07,2,1,What's The Story,0.125
RICH,2025-09-03,2,2,Karoona Kid,0.142857
RICH,2025-09-05,2,2,2f541 It's All Bad,0.142857
RICH,2025-09-07,2,2,Dreams Come True,0.125
RICH,2025-09-03,2,3,Turbo Todd,0.142857
RICH,2025-09-05,2,3,Spin Around Blue,0.142857
RICH,2025-09-07,2,3,Tap Out Kitty,0.125
RICH,2025-09-03,2,4,Phoenix Moon,0.142857
RICH,2025-09-05,2,4,Radetzky March,0.142857
RICH,2025-09-07,2,4,8x868 Ferocious Vaughn,0.125
RICH,2025-09-07,2,5,6x6f6 Aurora's Image,0.125
RICH,2025-09-03,2,6,Club Dozer,0.142857
RICH,2025-09-05,2,6,Hello How Low,0.142857
RICH,2025-09-07,2,6,Zipping Schultz,0.125
RICH,2025-09-03,2,7,Chinese Chariot,0.142857
RICH,2025-09-05,2,7,Reborn Dawn,0.142857
RICH,2025-09-07,2,7,Tap Out Tiffy,0.125
RICH,2025-09-03,2,8,What's The Story,0.142857
RICH,2025-09-05,2,8,Lightning Hunter,0.142857
RICH,2025-09-07,2,8,787x5 Making Movies,0.125
RICH,2025-09-05,3,1,Dandy Redeemer,0.166667
RICH,2025-09-07,3,1,Jan's Memory,0.125
RICH,2025-09-07,3,2,Driftin' Ethics,0.125
RICH,2025-09-05,3,3,First Exit,0.166667
RICH,2025-09-07,3,3,Back Tomorrow,0.125
RICH,2025-09-03,3,4,x65x3 Palpitations,0.25
RICH,2025-09-07,3,4,2731f Flash Liza,0.125
RICH,2025-09-05,3,5,Upended,0.166667
RICH,2025-09-07,3,5,Nirmada,0.125
RICH,2025-09-03,3,6,Dreams Come True,0.25
RICH,2025-09-05,3,6,Knighted Buzz,0.166667
RICH,2025-09-07,3,6,156x7 Dam Bacci,0.125
RICH,2025-09-03,3,7,Missile Boy,0.25
RICH,2025-09-05,3,7,Too Busy,0.166667
RICH,2025-09-07,3,7,Hendrix,0.125
RICH,2025-09-03,3,8,She's The Best,0.25
RICH,2025-09-05,3,8,Rusty Cortez,0.166667
RICH,2025-09-07,3,8,x8x46 Knighted Kaos,0.125
RICH,2025-09-03,4,1,Midnight Star,0.142857
RICH,2025-09-05,4,1,x2x15 Gentleman Jake,0.142857
RICH,2025-09-07,4,1,Hey Bubba Louie,0.142857
RICH,2025-09-03,4,2,Little Time,0.142857
RICH,2025-09-05,4,2,Slingshot Layla,0.142857
RICH,2025-09-07,4,2,Glow Stick,0.142857
RICH,2025-09-03,4,3,Cold Hard Cash,0.142857
RICH,2025-09-05,4,3,Shot Of Faith,0.142857
RICH,2025-09-07,4,3,8466x Little Donation,0.142857
RICH,2025-09-03,4,4,All The Cash,0.142857
RICH,2025-09-05,4,4,2412x No More Trouble,0.142857
RICH,2025-09-07,4,4,Lizzie Long Legs,0.142857
RICH,2025-09-07,4,5,Platinum Zeal,0.142857
RICH,2025-09-03,4,6,Hendrix,0.142857
RICH,2025-09-05,4,6,7x42x See How,0.142857
RICH,2025-09-03,4,7,Cash Chaser,0.142857
RICH,2025-09-05,4,7,624f4 Zipping Colin,0.142857
RICH,2025-09-07,4,7,Slightly Psycho,0.142857
RICH,2025-09-03,4,8,Flash Liza,0.142857
RICH,2025-09-05,4,8,Blue Mojito,0.142857
RICH,2025-09-07,4,8,5534x Dawn Magic,0.142857
RICH,2025-09-03,5,1,It's Noon,0.125
RICH,2025-09-05,5,1,6547x Geordie,0.125
RICH,2025-09-07,5,1,Pilot Vehicle,0.142857
RICH,2025-09-03,5,2,2866x Whiskey Dawn,0.125
RICH,2025-09-05,5,2,Cruise Or Lose,0.125
RICH,2025-09-07,5,2,112x4 Anjo Topaz,0.142857
RICH,2025-09-03,5,3,Zipping Ali,0.125
RICH,2025-09-05,5,3,Coal,0.125
RICH,2025-09-07,5,3,Run Cliff Run,0.142857
RICH,2025-09-03,5,4,Surroundings,0.125
RICH,2025-09-05,5,4,1756x Fantanna's Dream,0.125
RICH,2025-09-07,5,4,415f7 Sweet As Sin,0.142857
RICH,2025-09-03,5,5,4454x Shintaro,0.125
RICH,2025-09-05,5,5,Flash Hunter,0.125
RICH,2025-09-07,5,5,Laurie's Ferrari,0.142857
RICH,2025-09-03,5,6,Aussie Lantern,0.125
RICH,2025-09-05,5,6,x8845 Talon Tiger,0.125
RICH,2025-09-07,5,6,Perfect Panama,0.142857
RICH,2025-09-03,5,7,Calla Oreo,0.125
RICH,2025-09-05,5,7,285x4 Sunshine Lily,0.125
RICH,2025-09-07,5,7,35x82 Tap Out Boston,0.142857
RICH,2025-09-03,5,8,Ivy's Might,0.125
RICH,2025-09-05,5,8,Arthur Chance,0.125
RICH,2025-09-03,6,1,Zipping Xaden,0.142857
RICH,2025-09-05,6,1,Sassy Crossed,0.142857
RICH,2025-09-07,6,1,5x635 Miss Zig Zag,0.125
RICH,2025-09-05,6,2,Long Tall Sammy,0.142857
RICH,2025-09-07,6,2,Zipping Arkle,0.125
RICH,2025-09-03,6,3,Wangaroa Wally,0.142857
RICH,2025-09-05,6,3,Canya Flaming,0.142857
RICH,2025-09-07,6,3,Tumby Bay,0.125
RICH,2025-09-03,6,4,Test Drive,0.142857
RICH,2025-09-05,6,4,Knighted Marshal,0.142857
RICH,2025-09-07,6,4,4873x Eureka Robbie,0.125
RICH,2025-09-03,6,5,Ice Cream Joe,0.142857
RICH,2025-09-05,6,5,Basket Press,0.142857
RICH,2025-09-07,6,5,Zipping Cluedo,0.125
RICH,2025-09-03,6,6,Canya Rapid Fire,0.142857
RICH,2025-09-05,6,6,Follow The Ace,0.142857
RICH,2025-09-07,6,6,Motor City Chief,0.125
RICH,2025-09-03,6,7,Zipping Arkle,0.142857
RICH,2025-09-07,6,7,Zipping Xaden,0.125
RICH,2025-09-03,6,8,Front End Loader,0.142857
RICH,2025-09-05,6,8,You Two,0.142857
RICH,2025-09-07,6,8,Dire,0.125
RICH,2025-09-03,7,1,Morning Daylight,0.142857
RICH,2025-09-05,7,1,Zig Zag Man,0.166667
RICH,2025-09-07,7,1,Electric Blue,0.125
RICH,2025-09-03,7,2,New Surprise,0.142857
RICH,2025-09-05,7,2,See Red,0.166667
RICH,2025-09-07,7,2,Montana Banner,0.125
RICH,2025-09-03,7,3,Bakerloo Boy,0.142857
RICH,2025-09-07,7,3,Spare The Detail,0.125
RICH,2025-09-03,7,4,6x77x Elite Charlm,0.142857
RICH,2025-09-05,7,4,5525x Siska Lucy,0.166667
RICH,2025-09-07,7,4,675x4 Seven Is Lucky,0.125
RICH,2025-09-03,7,5,8575f Fantastic Maxine,0.142857
RICH,2025-09-05,7,5,Reborn Hostility,0.166667
RICH,2025-09-07,7,5,Summer Dream,0.125
RICH,2025-09-07,7,6,Canya Rapid Fire,0.125
RICH,2025-09-03,7,7,Tommy's Dawn,0.142857
RICH,2025-09-05,7,7,Make Them Cry,0.166667
RICH,2025-09-07,7,7,Acknowledge Me,0.125
RICH,2025-09-03,7,8,Fantastic Tariq,0.142857
RICH,2025-09-05,7,8,Sassy Supreme,0.166667
RICH,2025-09-07,7,8,On A Dime,0.125
RICH,2025-09-03,8,1,Winsome Josie,0.125
RICH,2025-09-05,8,1,2x8x4 Knighted Kaos,0.142857
RICH,2025-09-07,8,1,575f7 Fantastic Maxine,0.142857
RICH,2025-09-03,8,2,Maybe Next Week,0.125
RICH,2025-09-05,8,2,Baby Blossom,0.142857
RICH,2025-09-07,8,2,So Irrelevant,0.142857
RICH,2025-09-03,8,3,Melting Moments,0.125
RICH,2025-09-05,8,3,Open Road,0.142857
RICH,2025-09-07,8,3,Winsome Wanda,0.142857
RICH,2025-09-03,8,4,Zipping Nala,0.125
RICH,2025-09-05,8,4,I'm Better,0.142857
RICH,2025-09-07,8,4,6x41 Lizzy Bonkers,0.142857
RICH,2025-09-03,8,5,Dire,0.125
RICH,2025-09-05,8,5,Cait Rod's Fly,0.142857
RICH,2025-09-03,8,6,Gengar Wave,0.125
RICH,2025-09-07,8,6,My Harley,0.142857
RICH,2025-09-03,8,7,Tumby Bay,0.125
RICH,2025-09-05,8,7,Lucia Power,0.142857
RICH,2025-09-07,8,7,Red Rock Rattler,0.142857
RICH,2025-09-03,8,8,Say Your Prayers,0.125
RICH,2025-09-05,8,8,Federal Viper,0.142857
RICH,2025-09-07,8,8,Knighted Marshal,0.142857
RICH,2025-09-03,9,1,Lucky Links,0.125
RICH,2025-09-05,9,1,Fire Pit,0.125
RICH,2025-09-07,9,1,Melting Moments,0.125
RICH,2025-09-03,9,2,137x2 Minter Shine,0.125
RICH,2025-09-05,9,2,6x464 Despicable Kava,0.125
RICH,2025-09-07,9,2,Infamous Statham,0.125
RICH,2025-09-03,9,3,56x77 Muscle Memory,0.125
RICH,2025-09-05,9,3,Rie Bale,0.125
RICH,2025-09-07,9,3,Good Odds Dolly,0.125
RICH,2025-09-03,9,4,Chris Whit,0.125
RICH,2025-09-05,9,4,68x52 Jessica Jayne,0.125
RICH,2025-09-07,9,4,Wild Reggie,0.125
RICH,2025-09-03,9,5,Satriani,0.125
RICH,2025-09-05,9,5,Isolation,0.125
RICH,2025-09-07,9,5,Zipping Dekkers,0.125
RICH,2025-09-03,9,6,Wicked Raven,0.125
RICH,2025-09-05,9,6,Baby Time,0.125
RICH,2025-09-07,9,6,Tatooine,0.125
RICH,2025-09-03,9,7,568x5 Jessica Jayne,0.125
RICH,2025-09-05,9,7,More Crackers,0.125
RICH,2025-09-07,9,7,Vonnie Lee,0.125
RICH,2025-09-03,9,8,She's Our Joy,0.125
RICH,2025-09-05,9,8,Reborn Eclipse,0.125
RICH,2025-09-07,9,8,Flying For Aaron,0.125
RICH,2025-09-03,10,1,Tasty Snack,0.142857
RICH,2025-09-05,10,1,Corless Insane,0.142857
RICH,2025-09-07,10,1,Bakerloo Boy,0.125
RICH,2025-09-03,10,2,Tricolour Magic,0.142857
RICH,2025-09-05,10,2,Sunnybrook,0.142857
RICH,2025-09-07,10,2,Reborn Dawn,0.125
RICH,2025-09-03,10,3,16x35 Usain Bark,0.142857
RICH,2025-09-05,10,3,Fantasia Queen,0.142857
RICH,2025-09-07,10,3,Tap Out Beau,0.125
RICH,2025-09-03,10,4,Calla Rusty,0.142857
RICH,2025-09-05,10,4,Her Reason,0.142857
RICH,2025-09-07,10,4,Motor City Hawk,0.125
RICH,2025-09-07,10,5,Winsome Josie,0.125
RICH,2025-09-03,10,6,Dumpling,0.142857
RICH,2025-09-05,10,6,Crimson Dynamo,0.142857
RICH,2025-09-07,10,6,Tiny Sniffy,0.125
RICH,2025-09-03,10,7,Loco Express,0.142857
RICH,2025-09-05,10,7,64x52 Grid Girl,0.142857
RICH,2025-09-07,10,7,Maybe Next Week,0.125
RICH,2025-09-03,10,8,Simply The Best,0.142857
RICH,2025-09-05,10,8,Zipping Strop,0.142857
RICH,2025-09-07,10,8,37x24 Minter Shine,0.125
RICH,2025-09-03,11,1,Archer Ten,0.142857
RICH,2025-09-05,11,1,Almost,0.142857
RICH,2025-09-07,11,1,x7432 Book Of Feuds,0.142857
RICH,2025-09-03,11,2,Aston Mendes,0.142857
RICH,2025-09-05,11,2,Raghnall Waltz,0.142857
RICH,2025-09-07,11,2,I'm Bored,0.142857
RICH,2025-09-03,11,3,Pilot Vehicle,0.142857
RICH,2025-09-05,11,3,446f5 Kava Queen,0.142857
RICH,2025-09-07,11,3,Zipping Ali,0.142857
RICH,2025-09-05,11,4,Valley Cash,0.142857
RICH,2025-09-07,11,4,Confectionery,0.142857
RICH,2025-09-03,11,5,Red Rock Rattler,0.142857
RICH,2025-09-05,11,5,Rema's Marble,0.142857
RICH,2025-09-07,11,5,Appin Way,0.142857
RICH,2025-09-03,11,6,Teresa's Angel,0.142857
RICH,2025-09-07,11,6,Calla Rusty,0.142857
RICH,2025-09-03,11,7,Run For Dad,0.142857
RICH,2025-09-05,11,7,23f43 Zipping Kristoff,0.142857
RICH,2025-09-07,11,7,25x65 Me Spook,0.142857
RICH,2025-09-03,11,8,Missy's Girl,0.142857
RICH,2025-09-05,11,8,2f436 Cochise Squaw,0.142857
RICH,2025-09-03,12,1,Low Range,0.142857
RICH,2025-09-05,12,1,4138x Harrita's Rebel,0.125
RICH,2025-09-07,12,1,It's Noon,0.125
RICH,2025-09-03,12,2,Rockstar Ghan,0.142857
RICH,2025-09-05,12,2,1868x Sterling Kroes,0.125
RICH,2025-09-07,12,2,Chris Whit,0.125
RICH,2025-09-03,12,3,Stumpy Jones,0.142857
RICH,2025-09-05,12,3,Erina Flash,0.125
RICH,2025-09-07,12,3,My Machine,0.125
RICH,2025-09-03,12,4,Lizzie Long Legs,0.142857
RICH,2025-09-05,12,4,Corless Choppy,0.125
RICH,2025-09-07,12,4,Where's Nanny,0.125
RICH,2025-09-03,12,5,Montana Banner,0.142857
RICH,2025-09-05,12,5,Aussie Jewel,0.125
RICH,2025-09-07,12,5,Stephen Witherap,0.125
RICH,2025-09-03,12,6,Utmost,0.142857
RICH,2025-09-05,12,6,3f26x Zipping Mortimer,0.125
RICH,2025-09-07,12,6,1f671 Princess Mika,0.125
RICH,2025-09-05,12,7,Three Hundred,0.125
RICH,2025-09-07,12,7,Knight's Castle,0.125
RICH,2025-09-03,12,8,186x Big Surprise,0.142857
RICH,2025-09-05,12,8,Queen Jewel,0.125
RICH,2025-09-07,12,8,Lucky Links,0.125
SALE,2025-09-07,1,4,Joey,0.25
SALE,2025-09-07,1,6,Somerton Teddy,0.25
SALE,2025-09-07,1,7,Aston Boost,0.25
SALE,2025-09-07,1,8,Sweet Trilby,0.25
SALE,2025-09-07,2,1,Lucky Harper,0.142857
SALE,2025-09-07,2,2,Mad Hatter Rose,0.142857
SALE,2025-09-07,2,4,Cartman,0.142857
SALE,2025-09-07,2,5,Dundee Spike,0.142857
SALE,2025-09-07,2,6,Green Frog Cafe,0.142857
SALE,2025-09-07,2,7,Roslyn Hook,0.142857
SALE,2025-09-07,2,8,4fx23 Paw Brody,0.142857
SALE,2025-09-07,3,1,4x325 Anna,0.142857
SALE,2025-09-07,3,2,Twisted Fantasy,0.142857
SALE,2025-09-07,3,3,Hamish Rose,0.142857
SALE,2025-09-07,3,4,Ace Of Pace,0.142857
SALE,2025-09-07,3,5,x7164 Sand Dunes,0.142857
SALE,2025-09-07,3,7,Ithacan Goddess,0.142857
SALE,2025-09-07,3,8,1f125 Unleash The Lion,0.142857
SALE,2025-09-07,4,1,Ribero,0.166667
SALE,2025-09-07,4,2,Our Mabel,0.166667
SALE,2025-09-07,4,4,Skywalker Rose,0.166667
SALE,2025-09-07,4,5,Myall Mate,0.166667
SALE,2025-09-07,4,6,Dash Of Whisky,0.166667
SALE,2025-09-07,4,8,Snitch Adams,0.166667
SALE,2025-09-07,5,1,4135x Unleash Me,0.166667
SALE,2025-09-07,5,3,Sharni's Secret,0.166667
SALE,2025-09-07,5,4,Amron Mick,0.166667
SALE,2025-09-07,5,5,Shaun Lee Rose,0.166667
SALE,2025-09-07,5,6,Doctor Minty,0.166667
SALE,2025-09-07,5,7,Akina Lad,0.166667
SALE,2025-09-07,6,1,6814x Johnson Street,0.142857
SALE,2025-09-07,6,2,Holly Rose,0.142857
SALE,2025-09-07,6,3,Madalia Zoom,0.142857
SALE,2025-09-07,6,4,Valve Bounce,0.142857
SALE,2025-09-07,6,5,x1273 My Boy Bingo,0.142857
SALE,2025-09-07,6,6,Amron Sammy,0.142857
SALE,2025-09-07,6,7,26x36 Nacho Problem,0.142857
SALE,2025-09-07,7,1,Matilda Rose,0.166667
SALE,2025-09-07,7,2,Dermott Rose,0.166667
SALE,2025-09-07,7,3,July She Lied,0.166667
SALE,2025-09-07,7,4,Sudoku Carmello,0.166667
SALE,2025-09-07,7,7,Valencia Lola,0.166667
SALE,2025-09-07,7,8,Carry On Olive,0.166667
SALE,2025-09-07,8,1,Daintree Vision,0.25
SALE,2025-09-07,8,4,Nangar Jim,0.25
SALE,2025-09-07,8,5,Solar Spectrum,0.25
SALE,2025-09-07,8,6,74x41 Zippity Zippin',0.25
SALE,2025-09-07,9,1,Excavator Ticket,0.166667
SALE,2025-09-07,9,2,Paw Erina,0.166667
SALE,2025-09-07,9,4,Best For Last,0.166667
SALE,2025-09-07,9,5,Stacy's Mum,0.166667
SALE,2025-09-07,9,7,Hurricane Bert,0.166667
SALE,2025-09-07,9,8,Lakeview Nola,0.166667
SALE,2025-09-07,10,1,Both Sides,0.142857
SALE,2025-09-07,10,2,Engelke Road,0.142857
SALE,2025-09-07,10,3,Madalia Snoopy,0.142857
SALE,2025-09-07,10,4,Royal Pride,0.142857
SALE,2025-09-07,10,5,Spring Regency,0.142857
SALE,2025-09-07,10,7,Elle Gem,0.142857
SALE,2025-09-07,10,8,Furious Falcon,0.142857
SALE,2025-09-07,11,1,Akina Crusader,0.125
SALE,2025-09-07,11,2,Catch A Cutie,0.125
SALE,2025-09-07,11,3,Select Kyron,0.125
SALE,2025-09-07,11,4,Paw Zuri,0.125
SALE,2025-09-07,11,5,123x3 Paw Quark,0.125
SALE,2025-09-07,11,6,Paw Mantra,0.125
SALE,2025-09-07,11,7,Trendy Art,0.125
SALE,2025-09-07,11,8,Bland Option,0.125
SALE,2025-09-07,12,1,Kokoda Trail,0.125
SALE,2025-09-07,12,2,Somerton Karen,0.125
SALE,2025-09-07,12,3,Paw Funk,0.125
SALE,2025-09-07,12,4,Mavis Tolmie,0.125
SALE,2025-09-07,12,5,Xatu Bale,0.125
SALE,2025-09-07,12,6,Olivia Lee Rose,0.125
SALE,2025-09-07,12,7,Chasing Hearts,0.125
SALE,2025-09-07,12,8,Astute Queen,0.125
